"Дата","Цена","Откр.","Макс.","Мин.","Объём","Изм. %"
"01.06.2025","261,50","261,30","261,50","261,50","62,48K","0,00%"
"31.05.2025","261,50","261,30","262,00","261,10","62,48K","0,27%"
"30.05.2025","260,80","256,00","263,70","255,10","1,73M","1,44%"
"29.05.2025","257,10","262,40","262,90","256,80","2,38M","-2,02%"
"28.05.2025","262,40","257,20","262,80","253,30","6,46M","2,22%"
"27.05.2025","256,70","240,40","258,00","235,40","8,66M","6,21%"
"26.05.2025","241,70","249,50","249,90","235,60","3,38M","-3,32%"
"23.05.2025","250,00","251,80","254,20","249,50","727,71K","-0,71%"
"22.05.2025","251,80","254,00","256,00","249,00","1,18M","-0,83%"
"21.05.2025","253,90","257,70","259,00","252,10","924,76K","-1,47%"
"20.05.2025","257,70","260,90","262,10","256,00","1,24M","-1,00%"
"19.05.2025","260,30","257,90","266,00","257,90","1,46M","-1,77%"
"18.05.2025","265,00","257,90","265,90","263,30","367,29K","0,57%"
"17.05.2025","263,50","257,90","263,60","257,90","165,97K","1,82%"
"16.05.2025","258,80","257,80","265,20","251,20","2,14M","0,39%"
"15.05.2025","257,80","260,00","263,30","254,50","1,69M","-1,00%"
"14.05.2025","260,40","264,70","269,50","259,80","1,62M","-1,44%"
"13.05.2025","264,20","267,50","270,60","259,60","2,70M","-1,27%"
"12.05.2025","267,60","256,80","269,70","256,00","3,83M","4,21%"
"08.05.2025","256,80","257,30","264,30","256,00","1,58M","0,35%"
"07.05.2025","255,90","257,40","262,70","254,90","2,92M","-0,43%"
"06.05.2025","257,00","253,00","265,30","244,00","4,81M","1,70%"
"05.05.2025","252,70","253,40","257,70","241,30","5,27M","0,04%"
"02.05.2025","252,60","267,10","267,10","252,30","1,62M","-5,89%"
"30.04.2025","268,40","263,00","268,80","257,50","2,73M","1,74%"
"29.04.2025","263,80","272,80","272,80","262,70","2,76M","-3,33%"
"28.04.2025","272,90","284,00","286,70","270,80","5,12M","-3,77%"
"25.04.2025","283,60","273,70","287,40","273,00","10,56M","3,96%"
"24.04.2025","272,80","272,80","278,50","268,50","3,97M","0,11%"
"23.04.2025","272,50","275,50","276,60","265,10","4,72M","-0,69%"
"22.04.2025","274,40","255,70","275,50","255,30","7,17M","7,48%"
"21.04.2025","255,30","250,00","256,00","249,60","1,29M","2,82%"
"18.04.2025","248,30","252,00","253,10","246,60","1,62M","-2,28%"
"17.04.2025","254,10","252,00","255,80","248,10","2,06M","0,87%"
"16.04.2025","251,90","246,70","256,20","240,30","3,95M","2,11%"
"15.04.2025","246,70","250,00","251,30","245,00","1,58M","-1,36%"
"14.04.2025","250,10","253,00","257,50","247,30","2,24M","-0,79%"
"11.04.2025","252,10","247,80","256,70","247,00","2,68M","1,69%"
"10.04.2025","247,90","253,30","254,50","240,60","3,02M","-1,51%"
"09.04.2025","251,70","241,00","252,00","230,60","5,80M","4,44%"
"08.04.2025","241,00","258,70","262,50","241,00","4,60M","-6,26%"
"07.04.2025","257,10","262,30","268,70","233,50","13,54M","-2,39%"
"04.04.2025","263,40","280,80","283,30","263,00","3,82M","-5,63%"
"03.04.2025","279,10","281,70","286,20","271,40","3,02M","-0,92%"
"02.04.2025","281,70","275,00","284,60","273,50","3,37M","2,62%"
"01.04.2025","274,50","282,00","291,70","273,30","5,75M","-2,66%"
"31.03.2025","282,00","280,00","285,20","266,20","4,78M","0,57%"
"28.03.2025","280,40","282,00","289,60","277,80","5,97M","-0,57%"
"27.03.2025","282,00","287,50","287,50","275,20","4,74M","-1,43%"
"26.03.2025","286,10","291,90","293,60","286,00","2,45M","-1,95%"
"25.03.2025","291,80","284,60","292,90","283,10","5,58M","2,57%"
"24.03.2025","284,50","294,00","294,70","284,20","6,52M","-3,36%"
"21.03.2025","294,40","300,60","301,50","290,40","21,81M","-2,35%"
"20.03.2025","301,50","328,50","333,40","298,60","36,90M","-8,11%"
"19.03.2025","328,10","326,60","332,20","322,20","2,81M","0,40%"
"18.03.2025","326,80","335,00","337,50","325,50","3,09M","-2,16%"
"17.03.2025","334,00","328,60","336,00","326,10","2,76M","1,86%"
"14.03.2025","327,90","321,40","328,20","317,50","2,67M","1,64%"
"13.03.2025","322,60","321,80","324,20","312,70","3,57M","0,25%"
"12.03.2025","321,80","327,00","327,40","317,20","2,64M","-1,59%"
"11.03.2025","327,00","327,40","330,70","322,40","2,39M","0,03%"
"10.03.2025","326,90","330,40","333,40","326,60","1,39M","-1,03%"
"07.03.2025","330,30","334,00","338,20","323,80","2,95M","-0,54%"
"06.03.2025","332,10","334,40","338,70","329,60","2,93M","-0,39%"
"05.03.2025","333,40","337,00","343,30","328,80","5,22M","-1,01%"
"04.03.2025","336,80","321,20","339,40","321,10","7,20M","4,86%"
"03.03.2025","321,20","333,90","336,70","320,30","4,07M","-3,72%"
"28.02.2025","333,60","330,10","336,00","322,80","6,26M","0,85%"
"27.02.2025","330,80","336,60","339,90","328,40","4,67M","-1,22%"
"26.02.2025","334,90","353,10","358,80","332,90","12,45M","-5,15%"
"25.02.2025","353,10","340,40","356,40","336,70","7,48M","3,79%"
"24.02.2025","340,20","329,60","340,80","329,50","5,76M","3,22%"
"21.02.2025","329,60","330,00","333,00","325,00","2,58M","-0,12%"
"20.02.2025","330,00","327,60","335,80","325,40","4,88M","0,79%"
"19.02.2025","327,40","322,90","330,00","316,10","4,68M","1,55%"
"18.02.2025","322,40","335,90","337,50","319,30","6,11M","-3,53%"
"17.02.2025","334,20","323,60","335,10","322,00","6,83M","4,76%"
"14.02.2025","319,00","347,00","350,00","310,20","9,96M","-2,09%"
"13.02.2025","325,80","332,40","345,20","320,40","11,30M","-0,97%"
"12.02.2025","329,00","317,60","334,50","311,00","14,51M","3,65%"
"11.02.2025","317,40","307,50","318,10","304,60","7,29M","3,15%"
"10.02.2025","307,70","304,70","314,10","303,30","10,61M","1,55%"
"07.02.2025","303,00","312,00","316,00","298,20","7,27M","-2,88%"
"06.02.2025","312,00","317,60","319,60","312,00","5,85M","-1,27%"
"05.02.2025","316,00","308,30","319,00","299,60","13,99M","2,70%"
"04.02.2025","307,70","320,60","325,90","307,00","11,08M","-4,56%"
"03.02.2025","322,40","335,00","335,00","318,60","9,08M","-3,76%"
"31.01.2025","335,00","341,00","347,20","332,40","5,29M","-1,76%"
"30.01.2025","341,00","339,00","343,40","336,00","3,86M","0,59%"
"29.01.2025","339,00","342,00","350,60","338,00","5,23M","-0,88%"
"28.01.2025","342,00","338,40","344,60","333,00","5,87M","0,71%"
"27.01.2025","339,60","350,20","352,80","337,60","5,35M","-3,03%"
"24.01.2025","350,20","354,00","359,20","345,60","6,90M","-0,91%"
"23.01.2025","353,40","346,00","354,00","342,00","5,08M","1,96%"
"22.01.2025","346,60","338,60","356,40","335,00","15,64M","2,48%"
"21.01.2025","338,20","343,00","345,20","331,60","8,68M","-1,28%"
"20.01.2025","342,60","354,00","361,60","340,40","13,30M","-2,34%"
"17.01.2025","350,80","339,00","353,60","333,60","13,09M","3,91%"
"16.01.2025","337,60","338,60","342,40","332,20","17,53M","-0,30%"
"15.01.2025","338,60","311,40","339,00","310,60","40,88M","9,37%"
"14.01.2025","309,60","305,00","311,80","302,40","3,06M","1,51%"
"13.01.2025","305,00","313,00","318,40","301,00","5,15M","-1,74%"
"10.01.2025","310,40","301,00","312,20","294,60","5,46M","3,95%"
"09.01.2025","298,60","312,60","313,80","297,00","3,66M","-4,48%"
"08.01.2025","312,60","303,00","313,60","299,00","2,55M","4,13%"
"06.01.2025","300,20","300,40","303,80","294,40","2,47M","-1,05%"
"03.01.2025","303,40","316,00","317,20","302,20","3,20M","-2,88%"
"30.12.2024","312,40","297,40","317,20","296,40","5,00M","5,83%"
"28.12.2024","295,20","292,40","295,40","289,00","2,56M","0,68%"
"27.12.2024","293,20","288,60","294,80","282,40","3,55M","1,81%"
"26.12.2024","288,00","298,00","306,00","286,60","5,74M","-3,10%"
"25.12.2024","297,20","282,20","298,80","280,00","4,91M","4,57%"
"24.12.2024","284,20","289,00","290,40","282,20","3,38M","-2,07%"
"23.12.2024","290,20","301,20","307,20","286,80","7,83M","-0,89%"
"20.12.2024","292,80","248,40","293,20","247,00","12,39M","17,87%"
"19.12.2024","248,40","249,20","250,60","243,40","4,89M","0,32%"
"18.12.2024","247,60","239,40","250,00","235,60","3,74M","4,12%"
"17.12.2024","237,80","238,00","242,20","234,60","4,25M","-0,83%"
"16.12.2024","239,80","250,20","251,20","237,40","4,45M","-4,23%"
"13.12.2024","250,40","246,40","253,00","246,40","2,69M","0,89%"
"12.12.2024","248,20","255,20","256,80","246,60","5,19M","-3,12%"
"11.12.2024","256,20","250,00","257,00","247,00","4,63M","1,83%"
"10.12.2024","251,60","264,00","265,60","251,00","4,71M","-5,34%"
"09.12.2024","265,80","262,40","269,60","256,20","6,32M","2,31%"
"06.12.2024","259,80","262,00","267,20","257,20","4,96M","-0,76%"
"05.12.2024","261,80","247,00","266,00","243,20","8,74M","5,48%"
"04.12.2024","248,20","256,60","264,00","244,00","7,55M","-3,87%"
"03.12.2024","258,20","277,20","282,60","254,60","5,47M","-6,79%"
"02.12.2024","277,00","277,00","281,00","273,40","3,00M","0,65%"
"29.11.2024","275,20","268,40","278,40","264,20","3,30M","2,30%"
"28.11.2024","269,00","262,40","274,00","251,00","6,80M","2,83%"
"27.11.2024","261,60","244,00","265,00","221,00","15,49M","7,39%"
"26.11.2024","243,60","263,00","268,00","240,20","5,36M","-7,38%"
"25.11.2024","263,00","271,40","271,80","259,40","2,67M","-3,31%"
"22.11.2024","272,00","281,00","281,60","270,80","1,78M","-3,00%"
"21.11.2024","280,40","285,40","287,60","268,40","4,94M","-1,54%"
"20.11.2024","284,80","297,20","297,60","281,20","3,50M","-4,04%"
"19.11.2024","296,80","305,00","307,00","291,00","2,39M","-2,88%"
"18.11.2024","305,60","307,80","314,80","304,60","2,06M","-3,41%"
"15.11.2024","316,40","309,40","317,00","305,80","1,46M","2,00%"
"14.11.2024","310,20","312,00","315,40","305,40","1,57M","-0,64%"
"13.11.2024","312,20","312,20","322,20","310,40","1,93M","-0,06%"
"12.11.2024","312,40","321,40","322,20","312,00","1,66M","-3,22%"
"11.11.2024","322,80","325,00","325,80","318,00","3,08M","0,69%"
"08.11.2024","320,60","306,00","323,00","301,80","3,68M","5,18%"
"07.11.2024","304,80","296,80","305,60","289,40","1,98M","3,25%"
"06.11.2024","295,20","299,40","304,80","294,20","2,26M","0,61%"
"05.11.2024","293,40","290,00","296,00","288,80","1,28M","1,59%"
"02.11.2024","288,80","293,80","293,80","286,60","807,60K","-1,10%"
"01.11.2024","292,00","288,00","294,60","282,60","2,05M","1,39%"
"31.10.2024","288,00","296,00","299,80","284,60","2,57M","-2,90%"
"30.10.2024","296,60","307,40","310,40","295,80","1,61M","-3,39%"
"29.10.2024","307,00","304,00","309,00","293,40","2,70M","1,66%"
"28.10.2024","302,00","301,00","307,20","295,20","4,22M","-1,82%"
"25.10.2024","307,60","329,80","335,00","306,00","5,14M","-6,73%"
"24.10.2024","329,80","326,40","332,60","323,20","1,23M","0,49%"
"23.10.2024","328,20","337,60","338,80","324,20","1,65M","-2,78%"
"22.10.2024","337,60","341,80","342,80","336,40","656,90K","-1,34%"
"21.10.2024","342,20","344,20","349,00","341,80","679,34K","-0,35%"
"18.10.2024","343,40","339,20","344,80","338,80","769,19K","1,00%"
"17.10.2024","340,00","348,60","349,00","340,00","1,34M","-2,63%"
"16.10.2024","349,20","356,20","360,20","345,80","2,12M","-1,41%"
"15.10.2024","354,20","346,00","357,00","344,20","1,73M","2,43%"
"14.10.2024","345,80","339,20","350,00","334,80","2,24M","1,89%"
"11.10.2024","339,40","339,40","342,60","334,60","1,17M","0,00%"
"10.10.2024","339,40","340,80","346,40","337,60","1,78M","-0,06%"
"09.10.2024","339,60","335,00","343,80","333,40","3,06M","1,31%"
"08.10.2024","335,20","336,80","337,40","331,40","1,37M","-0,36%"
"07.10.2024","336,40","337,00","341,00","327,60","3,28M","-0,06%"
"04.10.2024","336,60","340,20","341,60","333,60","1,43M","-1,00%"
"03.10.2024","340,00","339,00","342,00","329,00","3,75M","0,29%"
"02.10.2024","339,00","351,00","354,80","336,20","2,89M","-3,36%"
"01.10.2024","350,80","349,00","353,40","346,80","3,55M","0,29%"
"30.09.2024","349,80","362,20","370,60","349,00","3,31M","-3,26%"
"27.09.2024","361,60","363,00","364,80","353,60","3,73M","-0,39%"
"26.09.2024","363,00","366,20","368,20","360,20","2,73M","-1,57%"
"25.09.2024","368,80","381,00","381,00","367,80","2,31M","-2,69%"
"24.09.2024","379,00","374,40","381,80","366,00","3,21M","1,23%"
"23.09.2024","374,40","372,60","376,40","367,60","3,74M","1,30%"
"20.09.2024","369,60","358,40","371,00","358,40","2,09M","3,30%"
"19.09.2024","357,80","358,00","363,20","353,20","1,99M","0,11%"
"18.09.2024","357,40","357,80","368,80","353,60","4,13M","-0,06%"
"17.09.2024","357,60","356,80","359,20","350,40","1,80M","0,45%"
"16.09.2024","356,00","352,40","362,00","349,20","2,85M","1,19%"
"13.09.2024","351,80","342,00","353,40","323,20","5,09M","3,29%"
"12.09.2024","340,60","336,80","341,00","331,80","2,59M","0,47%"
"11.09.2024","339,00","356,80","359,20","337,40","2,89M","-5,57%"
"10.09.2024","359,00","368,80","369,60","355,20","2,23M","-2,82%"
"09.09.2024","369,40","352,80","371,80","351,20","3,09M","5,85%"
"06.09.2024","349,00","339,20","349,00","337,00","2,16M","3,01%"
"05.09.2024","338,80","350,00","354,40","337,60","2,80M","-2,64%"
"04.09.2024","348,00","327,20","350,80","323,60","2,84M","6,10%"
"03.09.2024","328,00","323,00","334,60","318,60","3,49M","1,11%"
"02.09.2024","324,40","340,60","346,00","318,00","3,94M","-6,35%"
"30.08.2024","346,40","340,60","364,40","342,00","2,88M","-4,15%"
"29.08.2024","361,40","364,00","366,00","353,20","2,62M","0,95%"
"28.08.2024","358,00","363,40","370,60","351,00","3,88M","-1,49%"
"27.08.2024","363,40","363,40","379,80","362,00","1,85M","-4,32%"
"26.08.2024","379,80","381,80","385,40","372,40","2,70M","1,71%"
"23.08.2024","373,40","366,00","378,60","356,60","4,56M","2,02%"
"22.08.2024","366,00","366,00","387,40","363,00","3,72M","-3,99%"
"21.08.2024","381,20","395,40","397,60","378,40","3,81M","-3,54%"
"20.08.2024","395,20","395,40","407,40","391,80","2,01M","-1,79%"
"19.08.2024","402,40","405,00","407,60","400,00","2,38M","-0,64%"
"16.08.2024","405,00","405,00","413,40","404,60","1,38M","-1,17%"
"15.08.2024","409,80","411,00","418,00","407,80","2,03M","-1,49%"
"14.08.2024","416,00","424,00","427,20","413,80","1,81M","-1,93%"
"13.08.2024","424,20","427,00","429,00","422,20","2,01M","-0,61%"
"12.08.2024","426,80","432,00","432,00","420,80","3,64M","-1,75%"
"09.08.2024","434,40","438,00","439,80","430,80","3,50M","-0,82%"
"08.08.2024","438,00","453,00","455,40","437,80","2,86M","-3,18%"
"07.08.2024","452,40","456,20","458,60","442,00","2,96M","-0,75%"
"06.08.2024","455,80","444,00","457,40","441,00","1,78M","4,02%"
"05.08.2024","438,20","440,40","443,80","436,00","1,57M","-2,27%"
"02.08.2024","448,40","451,00","456,80","444,40","1,66M","-0,22%"
"01.08.2024","449,40","458,20","468,80","449,00","2,22M","-1,83%"
"31.07.2024","457,80","457,00","461,40","453,00","1,22M","0,22%"
"30.07.2024","456,80","446,00","459,60","442,40","1,44M","2,28%"
"29.07.2024","446,60","453,80","454,00","440,00","1,78M","-3,08%"
"26.07.2024","460,80","475,00","485,80","457,00","3,86M","-2,37%"
"25.07.2024","472,00","466,00","475,40","461,40","1,15M","1,07%"
"24.07.2024","467,00","467,20","475,80","464,40","1,37M","-0,09%"
"23.07.2024","467,40","463,60","468,80","461,20","827,69K","0,47%"
"22.07.2024","465,20","468,80","471,20","459,20","1,10M","0,43%"
"19.07.2024","463,20","455,00","467,80","449,20","1,65M","1,89%"
"18.07.2024","454,60","440,60","456,60","438,40","1,31M","2,85%"
"17.07.2024","442,00","452,40","454,20","439,40","1,58M","-2,21%"
"16.07.2024","452,00","440,40","452,60","433,60","2,04M","2,26%"
"15.07.2024","442,00","458,20","458,20","436,00","1,79M","-2,73%"
"12.07.2024","454,40","463,20","466,80","447,80","2,15M","-0,74%"
"11.07.2024","457,80","434,20","458,20","434,20","2,50M","5,73%"
"10.07.2024","433,00","457,20","468,40","431,20","4,19M","-5,42%"
"09.07.2024","457,80","479,80","481,60","457,60","2,28M","-4,90%"
"08.07.2024","481,40","488,60","494,40","480,00","1,36M","-1,51%"
"05.07.2024","488,80","496,00","497,40","482,00","3,03M","-1,89%"
"04.07.2024","498,20","508,00","513,00","496,20","1,68M","-2,04%"
"03.07.2024","508,60","508,00","525,40","508,40","1,15M","-2,83%"
"02.07.2024","523,40","512,80","528,20","511,20","1,93M","2,03%"
"01.07.2024","513,00","502,80","514,00","502,00","1,37M","2,19%"
"28.06.2024","502,00","511,00","515,00","500,40","1,14M","-1,72%"
"27.06.2024","510,80","511,00","518,60","508,80","1,01M","-1,24%"
"26.06.2024","517,20","511,20","523,40","509,60","","1,29%"
"24.06.2024","510,60","508,80","518,40","510,20","","-7,97%"
"14.06.2024","554,80","551,00","561,00","544,40","1,30M","0,98%"
"13.06.2024","549,40","531,00","552,00","515,20","1,40M","-0,83%"
"11.06.2024","554,00","559,80","562,00","545,60","1,17M","-1,04%"
"10.06.2024","559,80","564,80","574,20","553,40","960,24K","-0,60%"
"07.06.2024","563,20","558,80","577,60","556,40","1,58M","1,15%"
"06.06.2024","556,80","559,80","560,80","552,60","754,39K","0,00%"
"05.06.2024","556,80","564,20","574,00","555,80","1,30M","-1,00%"
"04.06.2024","562,40","565,00","571,20","550,20","1,68M","-0,04%"
"03.06.2024","562,60","555,20","566,00","533,20","3,42M","1,30%"
"31.05.2024","555,40","560,20","572,00","550,60","3,47M","-0,68%"
"30.05.2024","559,20","572,00","575,80","559,00","1,26M","-2,24%"
"29.05.2024","572,00","570,80","578,80","567,00","1,12M","0,35%"
"28.05.2024","570,00","565,20","582,20","558,80","2,16M","1,10%"
"27.05.2024","563,80","582,60","595,60","559,00","3,10M","-2,99%"
"24.05.2024","581,20","614,80","618,00","581,00","4,26M","-5,28%"
"23.05.2024","613,60","605,00","616,60","601,00","2,61M","1,69%"
"22.05.2024","603,40","610,00","611,40","602,00","1,19M","-1,31%"
"21.05.2024","611,40","625,00","625,00","606,00","1,75M","-2,18%"
"20.05.2024","625,00","637,00","641,00","610,00","3,67M","-1,42%"
"17.05.2024","634,00","613,20","634,80","597,20","6,37M","3,43%"
"16.05.2024","613,00","618,40","620,20","606,00","1,34M","-0,55%"
"15.05.2024","616,40","604,60","620,60","600,00","4,53M","2,12%"
"14.05.2024","603,60","579,80","607,60","578,00","5,45M","4,50%"
"13.05.2024","577,60","575,80","583,80","575,80","750,35K","0,49%"
"10.05.2024","574,80","577,80","579,40","571,40","484,59K","-0,35%"
"08.05.2024","576,80","578,20","588,00","576,20","567,74K","-0,24%"
"07.05.2024","578,20","570,40","583,00","570,40","671,17K","1,15%"
"06.05.2024","571,60","587,00","587,00","571,20","1,18M","-2,42%"
"03.05.2024","585,80","579,00","591,60","577,80","1,23M","1,35%"
"02.05.2024","578,00","577,80","581,60","573,40","1,05M","0,03%"
"30.04.2024","577,80","585,60","585,60","577,00","542,40K","-1,20%"
"29.04.2024","584,80","587,20","590,00","578,40","840,59K","-0,41%"
"27.04.2024","587,20","595,40","597,00","578,20","2,05M","-1,34%"
"26.04.2024","595,20","603,80","604,40","594,00","788,69K","-1,20%"
"25.04.2024","602,40","594,20","605,00","591,00","1,29M","1,28%"
"24.04.2024","594,80","599,80","601,60","590,40","1,53M","-0,83%"
"23.04.2024","599,80","607,00","611,40","598,80","961,33K","-1,32%"
"22.04.2024","607,80","601,00","609,60","601,00","1,43M","1,13%"
"19.04.2024","601,00","603,00","605,80","599,00","770,42K","-0,33%"
"18.04.2024","603,00","606,40","606,60","600,00","641,24K","-0,50%"
"17.04.2024","606,00","610,00","610,40","602,20","880,56K","-0,39%"
"16.04.2024","608,40","609,00","612,80","605,00","927,74K","-0,10%"
"15.04.2024","609,00","607,80","615,00","603,40","1,84M","0,16%"
"12.04.2024","608,00","598,00","618,20","597,00","2,55M","1,47%"
"11.04.2024","599,20","604,60","607,60","598,20","1,21M","-0,89%"
"10.04.2024","604,60","604,20","608,00","599,20","1,78M","0,07%"
"09.04.2024","604,20","607,80","616,80","601,80","2,74M","-0,56%"
"08.04.2024","607,60","608,80","614,00","603,20","1,97M","-0,16%"
"05.04.2024","608,60","621,40","622,40","606,20","3,12M","-1,74%"
"04.04.2024","619,40","637,20","637,20","616,80","3,01M","-2,49%"
"03.04.2024","635,20","617,20","637,20","615,40","5,06M","3,32%"
"02.04.2024","614,80","619,80","621,40","610,00","1,36M","-0,52%"
"01.04.2024","618,00","612,20","623,80","612,20","2,36M","1,34%"
"29.03.2024","609,80","608,60","613,40","607,20","826,75K","0,20%"
"28.03.2024","608,60","615,00","618,00","606,80","1,15M","-0,94%"
"27.03.2024","614,40","618,60","623,40","610,60","1,57M","-0,58%"
"26.03.2024","618,00","610,00","619,00","607,60","1,80M","1,71%"
"25.03.2024","607,60","609,60","616,20","594,20","3,59M","0,43%"
"22.03.2024","605,00","630,60","631,60","594,20","7,53M","-4,06%"
"21.03.2024","630,60","627,40","641,00","625,00","3,62M","0,51%"
"20.03.2024","627,40","632,20","636,00","622,80","2,03M","-0,76%"
"19.03.2024","632,20","645,20","648,00","625,00","3,38M","-1,83%"
"18.03.2024","644,00","633,00","652,00","630,40","3,07M","2,25%"
"15.03.2024","629,80","632,40","638,80","627,20","1,37M","-0,57%"
"14.03.2024","633,40","642,00","645,20","632,40","1,68M","-1,49%"
"13.03.2024","643,00","649,00","653,40","641,20","1,39M","-0,74%"
"12.03.2024","647,80","654,00","654,80","645,40","1,24M","-1,01%"
"11.03.2024","654,40","658,60","659,40","652,60","1,13M","-0,09%"
"07.03.2024","655,00","655,60","660,00","651,20","2,01M","0,34%"
"06.03.2024","652,80","658,60","660,00","649,20","1,35M","-0,85%"
"05.03.2024","658,40","662,00","664,40","654,00","1,63M","-0,24%"
"04.03.2024","660,00","662,00","665,00","655,60","1,96M","0,40%"
"01.03.2024","657,40","665,00","667,00","656,00","3,01M","0,74%"
"29.02.2024","652,60","642,00","654,20","638,80","2,10M","1,75%"
"28.02.2024","641,40","651,20","654,60","638,40","2,08M","-1,17%"
"27.02.2024","649,00","660,00","663,20","646,60","1,35M","-1,58%"
"26.02.2024","659,40","653,00","660,80","649,20","1,88M","2,97%"
"22.02.2024","640,40","642,00","649,40","635,40","1,35M","0,22%"
"21.02.2024","639,00","644,00","653,60","626,20","3,29M","-0,87%"
"20.02.2024","644,60","660,40","667,00","636,60","2,80M","-2,39%"
"19.02.2024","660,40","660,00","669,40","653,20","2,02M","0,06%"
"16.02.2024","660,00","677,80","678,20","657,00","7,13M","-2,11%"
"15.02.2024","674,20","681,00","716,00","666,20","9,41M","-1,14%"
"14.02.2024","682,00","693,80","698,80","678,00","2,38M","-1,19%"
"13.02.2024","690,20","672,60","696,00","668,40","2,80M","2,74%"
"12.02.2024","671,80","667,60","671,80","662,40","1,85M","1,97%"
"09.02.2024","658,80","661,20","664,00","653,20","1,42M","-0,36%"
"08.02.2024","661,20","667,00","678,00","652,40","4,24M","-0,84%"
"07.02.2024","666,80","682,80","687,00","662,40","3,12M","-2,09%"
"06.02.2024","681,00","674,20","684,00","673,00","1,64M","1,07%"
"05.02.2024","673,80","678,20","689,60","671,80","1,56M","-0,50%"
"02.02.2024","677,20","686,00","687,00","671,20","2,30M","-1,25%"
"01.02.2024","685,80","698,40","707,00","685,00","2,91M","-1,38%"
"31.01.2024","695,40","680,00","700,00","674,00","3,32M","2,75%"
"30.01.2024","676,80","679,20","679,80","668,20","1,31M","-0,06%"
"29.01.2024","677,20","679,60","687,00","672,20","2,46M","0,21%"
"26.01.2024","675,80","670,00","684,80","662,20","5,59M","1,29%"
"25.01.2024","667,20","657,80","669,40","654,00","1,78M","2,02%"
"24.01.2024","654,00","658,60","662,60","647,60","1,27M","-0,27%"
"23.01.2024","655,80","664,00","672,60","649,60","4,35M","-1,00%"
"22.01.2024","662,40","639,00","665,80","625,00","6,05M","4,25%"
"19.01.2024","635,40","630,00","638,60","622,40","1,80M","1,11%"
"18.01.2024","628,40","639,40","639,80","625,00","1,46M","-1,41%"
"17.01.2024","637,40","635,00","638,40","632,00","884,40K","0,38%"
"16.01.2024","635,00","644,00","645,00","631,20","1,98M","-1,21%"
"15.01.2024","642,80","644,80","657,40","638,20","3,32M","0,44%"
"12.01.2024","640,00","630,00","651,00","628,40","7,33M","2,07%"
"11.01.2024","627,00","623,80","630,00","622,40","1,50M","0,74%"
"10.01.2024","622,40","628,40","634,60","620,00","2,90M","-0,70%"
"09.01.2024","626,80","593,00","631,60","591,40","5,37M","6,13%"
"08.01.2024","590,60","584,00","593,80","580,60","1,35M","1,93%"
"05.01.2024","579,40","586,00","590,00","576,40","707,10K","-0,79%"
"04.01.2024","584,00","569,40","587,00","567,20","1,33M","2,67%"
"03.01.2024","568,80","562,00","569,20","558,20","560,49K","2,23%"
"29.12.2023","556,40","566,40","572,20","554,20","1,19M","-1,35%"
"28.12.2023","564,00","553,40","567,00","553,20","1,53M","1,92%"
"27.12.2023","553,40","555,00","562,80","551,60","1,41M","0,04%"
"26.12.2023","553,20","564,00","565,20","551,00","1,52M","-1,74%"
"25.12.2023","563,00","567,80","572,40","558,20","1,17M","-0,42%"
"22.12.2023","565,40","564,00","578,00","563,60","945,04K","0,32%"
"21.12.2023","563,60","575,80","577,80","562,00","1,14M","-2,19%"
"20.12.2023","576,20","578,40","583,60","575,20","641,44K","-0,31%"
"19.12.2023","578,00","583,00","588,00","570,80","983,58K","-0,86%"
"18.12.2023","583,00","572,00","586,00","557,00","1,68M","2,86%"
"15.12.2023","566,80","545,00","573,40","543,00","1,40M","4,00%"
"14.12.2023","545,00","560,00","564,00","545,00","957,07K","-1,77%"
"13.12.2023","554,80","534,40","563,00","532,80","2,05M","3,82%"
"12.12.2023","534,40","541,00","546,80","520,20","2,77M","-1,00%"
"11.12.2023","539,80","574,60","575,00","536,80","2,74M","-5,89%"
"08.12.2023","573,60","581,00","588,00","572,00","839,86K","-1,10%"
"07.12.2023","580,00","582,40","587,80","563,20","2,12M","-0,41%"
"06.12.2023","582,40","603,00","605,00","580,60","1,13M","-3,16%"
"05.12.2023","601,40","599,40","606,20","593,00","958,19K","1,01%"
"04.12.2023","595,40","602,00","611,20","587,20","1,51M","-1,16%"
"01.12.2023","602,40","613,80","619,60","600,60","1,32M","-1,79%"
"30.11.2023","613,40","625,00","627,00","612,00","1,35M","-1,98%"
"29.11.2023","625,80","633,00","644,00","620,00","1,79M","-0,82%"
"28.11.2023","631,00","614,40","632,00","612,80","1,59M","2,84%"
"27.11.2023","613,60","625,00","625,00","611,20","1,90M","-2,01%"
"24.11.2023","626,20","629,40","632,80","617,40","1,38M","-0,25%"
"23.11.2023","627,80","639,40","642,00","622,40","1,76M","-1,78%"
"22.11.2023","639,20","639,00","651,80","635,20","3,20M","0,44%"
"21.11.2023","636,40","630,00","640,80","625,20","3,02M","1,21%"
"20.11.2023","628,80","615,20","633,00","615,20","3,16M","2,28%"
"17.11.2023","614,80","605,60","620,80","601,00","2,89M","1,79%"
"16.11.2023","604,00","607,00","622,20","603,60","4,10M","-0,49%"
"15.11.2023","607,00","598,00","608,00","595,00","2,33M","1,47%"
"14.11.2023","598,20","608,80","611,80","595,40","2,39M","-1,61%"
"13.11.2023","608,00","598,00","609,80","593,00","3,33M","2,53%"
"10.11.2023","593,00","607,00","607,80","584,00","3,86M","-1,89%"
"09.11.2023","604,40","620,00","626,20","601,40","4,25M","-2,14%"
"08.11.2023","617,60","633,40","633,40","609,20","3,53M","-1,97%"
"07.11.2023","630,00","634,00","636,00","620,80","3,00M","-0,38%"
"06.11.2023","632,40","619,20","635,00","619,00","4,07M","2,73%"
"03.11.2023","615,60","591,00","621,60","588,00","6,44M","4,80%"
"02.11.2023","587,40","589,00","599,00","579,00","2,64M","0,24%"
"01.11.2023","586,00","581,80","587,00","578,00","1,16M","1,42%"
"31.10.2023","577,80","590,00","592,80","576,00","2,26M","-2,03%"
"30.10.2023","589,80","579,00","601,20","574,60","3,48M","2,04%"
"27.10.2023","578,00","590,20","593,40","575,40","2,73M","-2,07%"
"26.10.2023","590,20","596,00","608,00","586,00","2,96M","-0,84%"
"25.10.2023","595,20","611,00","611,80","592,20","4,01M","-2,59%"
"24.10.2023","611,00","620,40","622,40","606,40","3,16M","-1,39%"
"23.10.2023","619,60","620,00","642,80","611,00","10,17M","0,00%"
"20.10.2023","619,60","600,00","642,60","550,00","21,14M","-6,97%"
"18.09.2023","666,00","647,00","669,00","646,00","1,03M","3,22%"
"15.09.2023","645,20","632,00","656,60","631,80","770,62K","0,69%"
"14.09.2023","640,80","642,60","649,60","627,20","1,65M","-0,65%"
"13.09.2023","645,00","680,00","681,20","636,80","3,21M","-5,54%"
"12.09.2023","682,80","663,00","700,20","659,20","3,48M","2,99%"
"11.09.2023","663,00","719,00","732,80","657,60","4,91M","-7,61%"
"08.09.2023","717,60","733,00","739,80","710,00","1,11M","-1,73%"
"07.09.2023","730,20","748,20","752,60","715,20","2,12M","-2,41%"
"06.09.2023","748,20","761,20","761,60","742,00","1,12M","-1,73%"
"05.09.2023","761,40","767,60","771,80","752,40","1,59M","-1,07%"
"04.09.2023","769,60","748,00","772,40","745,60","2,49M","3,94%"
"01.09.2023","740,40","746,80","753,60","737,20","701,76K","-0,83%"
"31.08.2023","746,60","730,00","751,00","726,40","1,68M","2,27%"
"30.08.2023","730,00","729,00","733,80","721,00","636,92K","0,14%"
"29.08.2023","729,00","735,60","739,80","724,20","848,27K","-0,82%"
"28.08.2023","735,00","725,40","735,00","724,00","688,68K","1,38%"
"25.08.2023","725,00","731,60","736,80","720,20","773,39K","-0,71%"
"24.08.2023","730,20","721,00","734,40","715,80","1,01M","2,50%"
"23.08.2023","712,40","746,60","746,80","706,80","3,16M","-4,12%"
"22.08.2023","743,00","755,40","757,20","737,80","1,23M","-1,54%"
"21.08.2023","754,60","730,00","756,60","728,00","1,88M","4,17%"
"18.08.2023","724,40","721,00","728,60","710,40","996,38K","0,64%"
"17.08.2023","719,80","718,00","721,80","706,80","1,45M","1,41%"
"16.08.2023","709,80","736,00","746,60","701,20","2,89M","-3,80%"
"15.08.2023","737,80","730,20","760,00","720,00","1,87M","0,46%"
"14.08.2023","734,40","778,60","779,00","732,00","2,76M","-4,90%"
"11.08.2023","772,20","759,20","783,00","756,00","4,90M","1,39%"
"10.08.2023","761,60","795,00","799,80","750,60","5,63M","-2,61%"
"09.08.2023","782,00","735,00","783,00","725,80","2,99M","6,98%"
"08.08.2023","731,00","721,80","734,00","697,00","2,15M","1,27%"
"07.08.2023","721,80","733,20","753,00","706,20","2,29M","-1,10%"
"04.08.2023","729,80","753,00","767,80","680,60","4,33M","-2,41%"
"03.08.2023","747,80","724,80","752,00","717,20","1,94M","3,43%"
"02.08.2023","723,00","729,80","737,60","712,00","1,19M","-0,90%"
"01.08.2023","729,60","719,00","738,00","711,20","2,07M","1,81%"
"31.07.2023","716,60","724,80","734,00","710,60","2,48M","-0,67%"
"28.07.2023","721,40","699,00","723,00","697,00","2,35M","3,44%"
"27.07.2023","697,40","678,80","701,00","676,40","2,69M","3,14%"
"26.07.2023","676,20","680,00","680,00","670,80","667,91K","-0,53%"
"25.07.2023","679,80","684,60","684,80","674,00","793,46K","-0,26%"
"24.07.2023","681,60","671,60","687,00","668,00","1,47M","1,52%"
"21.07.2023","671,40","660,00","671,80","657,60","993,70K","1,94%"
"20.07.2023","658,60","669,00","680,00","655,20","1,98M","-1,58%"
"19.07.2023","669,20","674,80","678,60","665,20","978,45K","-1,12%"
"18.07.2023","676,80","684,60","688,00","671,80","1,68M","-1,14%"
"17.07.2023","684,60","656,00","685,80","650,00","3,39M","3,51%"
"14.07.2023","661,40","640,80","664,00","638,00","4,72M","3,25%"
"13.07.2023","640,60","629,20","640,80","617,40","1,90M","1,91%"
"12.07.2023","628,60","624,20","632,80","620,40","1,06M","0,93%"
"11.07.2023","622,80","618,00","623,00","610,60","601,93K","1,10%"
"10.07.2023","616,00","606,00","620,00","606,00","773,00K","1,68%"
"07.07.2023","605,80","606,00","609,00","602,40","335,16K","-0,20%"
"06.07.2023","607,00","607,00","613,80","603,20","428,21K","0,30%"
"05.07.2023","605,20","605,20","611,00","602,60","530,92K","0,40%"
"04.07.2023","602,80","610,20","615,00","598,60","821,31K","-1,21%"
"03.07.2023","610,20","612,80","617,60","605,40","576,33K","-0,46%"
"30.06.2023","613,00","623,00","624,80","610,00","626,91K","-1,54%"
"29.06.2023","622,60","625,60","627,60","621,20","390,70K","-0,42%"
"28.06.2023","625,20","630,20","634,00","620,80","719,70K","-0,22%"
"27.06.2023","626,60","620,00","635,00","617,80","1,27M","1,52%"
"26.06.2023","617,20","627,80","633,40","590,00","2,92M","0,55%"
"23.06.2023","613,80","624,00","651,00","607,00","4,99M","-1,51%"
"22.06.2023","623,20","641,40","647,00","622,20","1,24M","-2,84%"
"21.06.2023","641,40","629,00","644,00","626,20","2,00M","2,10%"
"20.06.2023","628,20","622,00","631,00","605,20","1,57M","1,06%"
"19.06.2023","621,60","623,00","630,00","615,60","910,92K","0,45%"
"16.06.2023","618,80","624,60","626,80","611,20","1,25M","-0,80%"
"15.06.2023","623,80","629,80","632,80","620,20","975,54K","-0,98%"
"14.06.2023","630,00","638,00","638,20","627,00","702,56K","-0,69%"
"13.06.2023","634,40","637,80","640,00","623,40","1,36M","-0,22%"
"09.06.2023","635,80","645,00","647,80","632,20","1,11M","-0,87%"
"08.06.2023","641,40","633,60","648,40","628,00","1,74M","1,23%"
"07.06.2023","633,60","634,00","642,80","626,40","2,00M","0,60%"
"06.06.2023","629,80","610,00","637,40","592,20","3,52M","2,91%"
"05.06.2023","612,00","621,80","652,00","606,00","6,07M","-1,07%"
"02.06.2023","618,60","576,00","623,40","573,20","3,49M","8,07%"
"01.06.2023","572,40","575,00","584,40","568,00","1,16M","-0,42%"
"31.05.2023","574,80","570,00","582,60","561,80","1,41M","0,31%"
"30.05.2023","573,00","585,00","594,60","565,60","2,35M","-3,14%"
"29.05.2023","591,60","563,60","596,20","561,40","3,53M","5,76%"
"26.05.2023","559,40","541,60","561,40","537,20","2,52M","3,29%"
"25.05.2023","541,60","544,20","544,80","526,40","1,11M","-0,26%"
"24.05.2023","543,00","535,00","546,60","528,00","1,23M","1,99%"
"23.05.2023","532,40","539,20","540,40","523,40","918,66K","-0,45%"
"22.05.2023","534,80","548,20","553,00","522,80","2,35M","-1,04%"
"19.05.2023","540,40","509,60","544,40","507,20","4,43M","6,04%"
"18.05.2023","509,60","513,00","518,00","507,80","1,12M","-0,47%"
"17.05.2023","512,00","512,80","514,80","505,20","717,88K","-0,08%"
"16.05.2023","512,40","518,40","518,60","507,20","1,45M","-0,81%"
"15.05.2023","516,60","492,20","516,80","490,40","4,17M","6,25%"
"12.05.2023","486,20","482,00","488,00","475,20","644,28K","1,50%"
"11.05.2023","479,00","490,60","494,60","467,00","1,39M","-1,92%"
"10.05.2023","488,40","470,60","489,80","470,60","1,14M","4,58%"
"08.05.2023","467,00","477,40","481,20","465,20","298,76K","-1,60%"
"05.05.2023","474,60","473,80","489,20","470,00","1,85M","0,51%"
"04.05.2023","472,20","464,00","475,80","464,00","427,38K","2,03%"
"03.05.2023","462,80","484,40","485,60","462,80","1,07M","-4,42%"
"02.05.2023","484,20","497,00","504,20","476,00","1,19M","-2,50%"
"28.04.2023","496,60","503,20","506,40","490,80","1,23M","-1,04%"
"27.04.2023","501,80","490,00","501,80","486,00","2,44M","2,91%"
"26.04.2023","487,60","478,60","493,40","477,00","1,74M","1,88%"
"25.04.2023","478,60","480,00","480,80","476,00","332,49K","-0,04%"
"24.04.2023","478,80","480,60","485,80","475,00","578,73K","-0,37%"
"21.04.2023","480,60","480,40","484,00","477,60","722,21K","0,21%"
"20.04.2023","479,60","474,60","480,80","466,20","740,28K","1,70%"
"19.04.2023","471,60","486,00","486,60","446,00","1,29M","-2,68%"
"18.04.2023","484,60","479,60","485,60","474,00","1,17M","1,72%"
"17.04.2023","476,40","475,00","477,80","471,00","454,76K","1,02%"
"14.04.2023","471,60","471,00","471,60","467,20","247,23K","0,21%"
"13.04.2023","470,60","475,00","477,60","467,60","342,23K","-0,80%"
"12.04.2023","474,40","468,00","480,00","465,20","828,42K","1,58%"
"11.04.2023","467,00","480,00","484,00","463,00","1,69M","-2,42%"
"10.04.2023","478,60","461,60","478,80","461,00","1,49M","3,77%"
"07.04.2023","461,20","463,60","465,40","459,00","833,69K","-0,60%"
"06.04.2023","464,00","471,00","471,00","461,60","777,78K","-0,81%"
"05.04.2023","467,80","473,60","473,60","463,40","766,03K","-0,76%"
"04.04.2023","471,40","481,80","482,20","468,00","1,19M","-2,12%"
"03.04.2023","481,60","482,00","485,20","476,40","339,96K","0,17%"
"31.03.2023","480,80","487,00","487,40","477,00","542,40K","-0,99%"
"30.03.2023","485,60","483,40","487,60","481,20","300,52K","0,46%"
"29.03.2023","483,40","485,00","485,60","480,20","328,55K","0,04%"
"28.03.2023","483,20","489,00","491,60","480,20","531,94K","-0,49%"
"27.03.2023","485,60","479,40","486,00","479,00","414,09K","1,42%"
"24.03.2023","478,80","480,00","480,00","477,40","175,57K","0,17%"
"23.03.2023","478,00","478,00","480,40","477,20","118,37K","0,00%"
"22.03.2023","478,00","480,00","481,00","475,20","260,84K","-0,54%"
"21.03.2023","480,60","484,80","488,00","476,00","602,53K","-0,74%"
"20.03.2023","484,20","482,00","485,80","475,00","747,96K","0,37%"
"17.03.2023","482,40","486,00","490,40","479,20","726,88K","-0,58%"
"16.03.2023","485,20","502,40","507,20","477,40","1,91M","-3,19%"
"15.03.2023","501,20","508,00","512,00","497,60","1,09M","-1,18%"
"14.03.2023","507,20","499,60","514,00","498,00","1,40M","1,89%"
"13.03.2023","497,80","485,60","502,20","485,60","1,17M","2,51%"
"10.03.2023","485,60","486,00","487,80","481,80","313,73K","-0,61%"
"09.03.2023","488,60","486,60","489,60","479,00","448,64K","0,37%"
"07.03.2023","486,80","491,00","492,80","483,20","288,85K","-0,61%"
"06.03.2023","489,80","483,60","490,00","482,20","353,20K","2,08%"
"03.03.2023","479,80","475,60","481,80","475,60","315,93K","0,97%"
"02.03.2023","475,20","489,00","489,00","468,00","843,05K","-2,46%"
"01.03.2023","487,20","479,00","490,80","476,00","1,28M","2,44%"
"28.02.2023","475,60","479,60","482,20","471,00","496,80K","-0,21%"
"27.02.2023","476,60","460,00","479,40","452,20","835,54K","0,68%"
"24.02.2023","473,40","465,00","473,60","464,40","413,35K","1,72%"
"22.02.2023","465,40","470,00","470,40","463,20","232,08K","-0,60%"
"21.02.2023","468,20","460,00","479,80","457,20","941,55K","2,59%"
"20.02.2023","456,40","460,20","460,60","446,00","583,44K","0,00%"
"17.02.2023","456,40","455,00","461,00","451,20","443,09K","0,00%"
"16.02.2023","456,40","462,00","468,80","452,00","747,95K","-0,78%"
"15.02.2023","460,00","482,20","483,40","451,00","2,31M","-5,27%"
"14.02.2023","485,60","482,40","505,00","482,40","2,53M","0,66%"
"13.02.2023","482,40","484,00","490,80","481,20","382,46K","0,29%"
"10.02.2023","481,00","480,00","482,20","478,20","170,63K","-0,21%"
"09.02.2023","482,00","485,60","487,60","476,00","363,35K","-1,15%"
"08.02.2023","487,60","491,60","491,80","480,80","419,04K","-0,65%"
"07.02.2023","490,80","493,40","499,40","487,20","467,99K","-0,53%"
"06.02.2023","493,40","485,40","495,00","485,40","355,30K","1,69%"
"03.02.2023","485,20","491,80","491,80","481,60","343,04K","-1,38%"
"02.02.2023","492,00","495,80","501,00","486,60","616,34K","0,65%"
"01.02.2023","488,80","490,60","497,00","480,20","935,26K","0,12%"
"31.01.2023","488,20","483,80","492,60","482,20","942,88K","1,24%"
"30.01.2023","482,20","478,00","483,20","474,20","412,95K","1,52%"
"27.01.2023","475,00","476,20","480,00","468,20","332,04K","-0,25%"
"26.01.2023","476,20","479,00","480,00","474,00","163,57K","-0,46%"
"25.01.2023","478,40","472,60","478,40","471,00","296,57K","0,84%"
"24.01.2023","474,40","484,60","484,80","473,00","465,78K","-1,58%"
"23.01.2023","482,00","469,80","482,80","469,00","584,57K","2,95%"
"20.01.2023","468,20","469,60","472,20","461,00","273,06K","0,13%"
"19.01.2023","467,60","475,00","480,00","466,80","382,93K","-1,93%"
"18.01.2023","476,80","477,40","483,20","465,00","594,34K","0,55%"
"17.01.2023","474,20","490,60","492,00","471,00","941,14K","-3,18%"
"16.01.2023","489,80","479,80","491,80","476,40","947,09K","3,46%"
"13.01.2023","473,40","469,80","476,40","466,00","563,92K","0,85%"
"12.01.2023","469,40","463,20","472,00","457,00","469,92K","1,43%"
"11.01.2023","462,80","451,00","466,00","450,00","846,60K","2,89%"
"10.01.2023","449,80","451,00","451,00","445,80","174,88K","-0,27%"
"09.01.2023","451,00","449,00","453,40","446,60","190,47K","0,99%"
"06.01.2023","446,60","450,60","451,00","442,40","154,08K","-0,89%"
"05.01.2023","450,60","453,00","456,40","450,00","279,75K","-0,13%"
"04.01.2023","451,20","448,00","459,40","442,60","343,40K","0,98%"
"03.01.2023","446,80","438,20","454,60","435,80","323,26K","2,24%"
"30.12.2022","437,00","440,00","442,60","432,60","388,33K","-1,04%"
"29.12.2022","441,60","440,00","446,40","437,20","362,19K","0,23%"
"28.12.2022","440,60","453,20","453,60","438,40","432,38K","-2,78%"
"27.12.2022","453,20","454,80","457,20","449,00","413,80K","0,13%"
"26.12.2022","452,60","451,20","457,60","445,00","454,31K","0,35%"
"23.12.2022","451,00","458,40","469,00","448,60","964,59K","-2,13%"
"22.12.2022","460,80","440,00","462,60","436,00","820,81K","4,73%"
"21.12.2022","440,00","454,80","455,00","434,00","783,57K","-2,09%"
"20.12.2022","449,40","430,00","452,20","428,80","830,08K","3,69%"
"19.12.2022","433,40","443,00","443,40","428,00","762,32K","-2,08%"
"16.12.2022","442,60","441,20","446,80","438,00","313,86K","0,32%"
"15.12.2022","441,20","442,00","448,00","428,00","1,09M","-0,41%"
"14.12.2022","443,00","465,00","465,00","438,40","979,52K","-4,44%"
"13.12.2022","463,60","469,80","470,00","458,00","356,12K","-0,98%"
"12.12.2022","468,20","471,60","474,20","460,20","365,63K","-0,64%"
"09.12.2022","471,20","473,40","482,80","470,20","341,79K","-0,67%"
"08.12.2022","474,40","484,60","488,00","471,40","618,50K","-2,10%"
"07.12.2022","484,60","484,20","486,80","477,60","495,43K","-0,66%"
"06.12.2022","487,80","498,20","499,60","470,00","480,25K","-2,09%"
"05.12.2022","498,20","496,00","503,40","492,20","364,52K","0,32%"
"02.12.2022","496,60","502,40","502,40","492,20","372,17K","-1,04%"
"01.12.2022","501,80","508,20","509,00","498,20","320,65K","-0,91%"
"30.11.2022","506,40","499,40","510,00","496,20","298,05K","1,40%"
"29.11.2022","499,40","497,00","502,80","496,60","273,24K","0,73%"
"28.11.2022","495,80","495,40","500,20","490,40","519,66K","-0,60%"
"25.11.2022","498,80","506,80","507,00","497,20","348,54K","-1,58%"
"24.11.2022","506,80","505,80","510,60","501,20","486,49K","0,24%"
"23.11.2022","505,60","501,20","509,00","496,00","754,64K","0,88%"
"22.11.2022","501,20","489,00","506,80","486,40","1,08M","2,33%"
"21.11.2022","489,80","502,40","502,40","481,60","1,00M","-2,51%"
"18.11.2022","502,40","501,20","510,80","498,00","615,33K","-0,55%"
"17.11.2022","505,20","509,80","518,60","495,80","929,61K","-0,55%"
"16.11.2022","508,00","501,00","512,00","495,60","897,82K","2,05%"
"15.11.2022","497,80","522,00","528,60","472,20","3,07M","-4,45%"
"14.11.2022","521,00","501,40","532,00","496,00","1,61M","4,24%"
"11.11.2022","499,80","504,80","506,40","490,00","1,11M","-0,52%"
"10.11.2022","502,40","468,00","506,80","466,40","3,89M","8,28%"
"09.11.2022","464,00","476,80","485,80","442,20","2,02M","-2,56%"
"08.11.2022","476,20","470,40","479,60","462,40","960,50K","1,36%"
"07.11.2022","469,80","464,20","470,20","459,00","871,80K","3,16%"
"03.11.2022","455,40","446,20","458,40","438,20","1,05M","1,29%"
"02.11.2022","449,60","470,00","472,00","442,00","1,27M","-4,10%"
"01.11.2022","468,80","455,00","468,80","453,20","1,51M","3,49%"
"31.10.2022","453,00","450,80","455,00","445,00","556,40K","1,48%"
"28.10.2022","446,40","444,80","450,80","430,80","785,87K","0,04%"
"27.10.2022","446,20","452,00","456,80","438,60","944,88K","-0,89%"
"26.10.2022","450,20","448,60","453,40","443,60","807,64K","0,45%"
"25.10.2022","448,20","434,80","452,80","418,60","1,29M","2,42%"
"24.10.2022","437,60","445,60","448,00","433,00","637,56K","-0,68%"
"21.10.2022","440,60","435,80","442,00","426,00","787,32K","1,29%"
"20.10.2022","435,00","444,00","447,00","430,40","1,21M","-0,23%"
"19.10.2022","436,00","428,80","439,60","414,00","2,59M","1,58%"
"18.10.2022","429,20","458,60","460,00","425,20","2,22M","-5,71%"
"17.10.2022","455,20","442,20","457,80","440,20","1,74M","3,69%"
"14.10.2022","439,00","450,00","451,80","426,20","1,85M","-0,23%"
"13.10.2022","440,00","428,20","441,20","418,20","1,97M","2,90%"
"12.10.2022","427,60","404,00","434,00","398,00","3,05M","6,00%"
"11.10.2022","403,40","383,80","408,40","380,80","1,68M","5,49%"
"10.10.2022","382,40","339,00","383,60","336,60","2,35M","5,99%"
"07.10.2022","360,80","386,40","387,20","358,80","1,53M","-6,63%"
"06.10.2022","386,40","394,40","399,00","385,20","1,38M","-0,92%"
"05.10.2022","390,00","387,40","394,00","365,20","2,57M","-0,10%"
"04.10.2022","390,40","396,00","405,80","384,20","3,64M","-0,46%"
"03.10.2022","392,20","370,80","394,40","366,00","2,92M","7,98%"
"30.09.2022","363,20","357,00","370,00","329,00","2,95M","2,02%"
"29.09.2022","356,00","366,80","373,80","346,20","3,06M","-1,66%"
"28.09.2022","362,00","374,00","389,40","345,00","5,13M","-3,57%"
"27.09.2022","375,40","335,00","382,20","318,40","7,40M","13,69%"
"26.09.2022","330,20","414,20","414,20","330,20","6,71M","-21,34%"
"23.09.2022","419,80","470,00","472,80","406,80","3,56M","-10,60%"
"22.09.2022","469,60","448,00","477,80","448,00","3,12M","4,92%"
"21.09.2022","447,60","441,00","484,40","416,00","4,89M","-9,21%"
"20.09.2022","493,00","550,20","559,60","460,20","12,86M","-10,40%"
"19.09.2022","550,20","512,00","550,20","507,00","3,69M","7,88%"
"16.09.2022","510,00","487,20","514,60","481,00","2,61M","5,24%"
"15.09.2022","484,60","467,00","487,80","466,00","1,32M","4,26%"
"14.09.2022","464,80","460,00","467,60","451,00","673,81K","0,65%"
"13.09.2022","461,80","469,80","474,20","455,80","1,02M","-1,32%"
"12.09.2022","468,00","438,40","473,80","430,20","2,10M","7,09%"
"09.09.2022","437,00","425,00","439,80","424,00","697,81K","3,31%"
"08.09.2022","423,00","421,00","429,80","418,20","404,98K","0,24%"
"07.09.2022","422,00","422,00","433,80","417,60","678,32K","0,96%"
"06.09.2022","418,00","434,80","436,00","400,60","1,01M","-3,15%"
"05.09.2022","431,60","422,80","437,40","417,60","704,33K","2,86%"
"02.09.2022","419,60","422,40","424,00","415,00","435,45K","-0,57%"
"01.09.2022","422,00","430,00","430,00","420,20","291,72K","-1,40%"
"31.08.2022","428,00","428,00","441,00","412,20","594,15K","-0,28%"
"30.08.2022","429,20","433,00","438,00","425,40","573,68K","-0,88%"
"29.08.2022","433,00","435,20","439,80","426,20","410,47K","-0,87%"
"26.08.2022","436,80","435,40","437,60","430,40","184,32K","0,83%"
"25.08.2022","433,20","430,00","440,00","430,00","365,37K","0,98%"
"24.08.2022","429,00","447,80","449,60","425,20","872,40K","-4,20%"
"23.08.2022","447,80","426,80","447,80","419,20","1,44M","6,16%"
"22.08.2022","421,80","415,00","430,20","410,20","774,48K","1,79%"
"19.08.2022","414,40","413,00","414,80","404,00","355,89K","-0,43%"
"18.08.2022","416,20","422,00","422,00","411,40","263,52K","-0,81%"
"17.08.2022","419,60","425,00","433,00","416,40","983,78K","1,40%"
"16.08.2022","413,80","414,00","415,60","407,00","485,68K","0,68%"
"15.08.2022","411,00","414,20","423,80","404,40","740,04K","-1,67%"
"12.08.2022","418,00","404,40","425,00","391,20","1,95M","2,70%"
"11.08.2022","407,00","455,00","455,00","405,20","3,58M","-11,71%"
"10.08.2022","461,00","450,00","482,00","443,00","3,12M","3,83%"
"09.08.2022","444,00","415,80","448,00","402,00","2,03M","7,82%"
"08.08.2022","411,80","419,00","419,60","401,40","788,84K","6,24%"
"05.08.2022","387,60","415,60","421,20","383,20","1,29M","-6,33%"
"04.08.2022","413,80","409,60","431,40","407,00","2,07M","2,83%"
"03.08.2022","402,40","365,20","402,40","365,20","1,31M","10,07%"
"02.08.2022","365,60","388,20","390,40","365,20","735,64K","-6,50%"
"01.08.2022","391,00","409,00","413,00","385,00","748,55K","-4,40%"
"29.07.2022","409,00","415,80","419,20","399,00","1,18M","-1,30%"
"28.07.2022","414,40","402,40","420,00","392,40","1,93M","3,60%"
"27.07.2022","400,00","416,00","424,00","390,00","2,16M","-2,44%"
"26.07.2022","410,00","362,20","410,00","361,00","3,72M","13,83%"
"25.07.2022","360,20","322,00","360,20","315,60","2,03M","13,20%"
"22.07.2022","318,20","312,80","321,20","312,00","204,90K","2,18%"
"21.07.2022","311,40","317,80","319,00","306,20","273,59K","-1,39%"
"20.07.2022","315,80","321,00","326,00","315,00","431,67K","-1,19%"
"19.07.2022","319,60","325,40","325,80","311,40","227,66K","-0,81%"
"18.07.2022","322,20","312,20","327,00","306,00","507,81K","4,75%"
"15.07.2022","307,60","303,00","311,60","301,00","327,99K","2,26%"
"14.07.2022","300,80","305,20","312,20","297,00","302,79K","-2,27%"
"13.07.2022","307,80","320,80","323,80","301,00","463,41K","-3,75%"
"12.07.2022","319,80","321,80","322,80","304,20","450,79K","-0,99%"
"11.07.2022","323,00","329,80","332,80","321,00","239,85K","-1,76%"
"08.07.2022","328,80","335,00","341,60","323,20","460,01K","-1,20%"
"07.07.2022","332,80","326,00","332,80","321,80","534,85K","3,68%"
"06.07.2022","321,00","312,80","335,20","310,60","1,39M","1,97%"
"05.07.2022","314,80","319,00","321,20","308,00","331,03K","-0,25%"
"04.07.2022","315,60","303,00","325,00","301,60","651,69K","4,16%"
"01.07.2022","303,00","300,00","308,60","292,00","333,87K","0,20%"
"30.06.2022","302,40","324,60","330,00","292,00","729,51K","-6,67%"
"29.06.2022","324,00","339,00","339,40","317,00","515,30K","-4,26%"
"28.06.2022","338,40","316,00","339,00","315,00","1,13M","7,02%"
"27.06.2022","316,20","300,00","318,40","300,00","684,33K","4,43%"
"24.06.2022","302,80","312,00","312,00","297,80","354,39K","-2,51%"
"23.06.2022","310,60","298,00","314,40","290,40","856,25K","6,08%"
"22.06.2022","292,80","297,80","297,80","287,40","233,23K","-2,40%"
"21.06.2022","300,00","313,00","313,20","292,00","348,68K","-3,23%"
"20.06.2022","310,00","310,00","315,80","302,20","366,00K","0,65%"
"17.06.2022","308,00","318,60","322,20","303,00","637,63K","-1,79%"
"16.06.2022","313,60","307,20","322,80","301,20","1,32M","4,26%"
"15.06.2022","300,80","275,00","305,00","271,20","1,72M","11,82%"
"14.06.2022","269,00","275,00","278,80","257,40","351,30K","-3,93%"
"10.06.2022","280,00","279,00","284,40","270,20","257,02K","0,36%"
"09.06.2022","279,00","285,40","288,80","275,80","312,28K","-3,79%"
"08.06.2022","290,00","283,40","296,80","283,40","405,21K","3,50%"
"07.06.2022","280,20","280,20","289,20","266,00","764,20K","-2,71%"
"06.06.2022","288,00","307,80","308,00","285,00","818,31K","-6,43%"
"03.06.2022","307,80","330,00","330,60","303,80","567,62K","-6,39%"
"02.06.2022","328,80","333,40","337,40","325,20","289,73K","-1,38%"
"01.06.2022","333,40","358,20","358,20","331,00","264,90K","-0,77%"
"31.05.2022","336,00","333,00","343,00","331,60","211,66K","-1,23%"
"30.05.2022","340,20","348,80","357,80","340,00","254,84K","-1,96%"
"27.05.2022","347,00","352,00","357,00","342,20","245,37K","-1,25%"
"26.05.2022","351,40","346,80","364,40","345,00","425,05K","1,91%"
"25.05.2022","344,80","340,40","344,80","335,60","173,36K","2,74%"
"24.05.2022","335,60","349,20","349,20","324,00","265,40K","-2,72%"
"23.05.2022","345,00","359,00","368,80","341,00","288,45K","-1,48%"
"20.05.2022","350,20","363,00","370,00","349,00","331,61K","-3,15%"
"19.05.2022","361,60","379,40","379,80","360,00","219,97K","-3,62%"
"18.05.2022","375,20","362,80","384,40","355,40","564,08K","5,04%"
"17.05.2022","357,20","358,00","365,00","350,20","277,62K","2,35%"
"16.05.2022","349,00","347,60","355,00","341,20","286,44K","2,95%"
"13.05.2022","339,00","350,00","350,00","333,20","207,80K","0,18%"
"12.05.2022","338,40","371,40","371,40","326,40","513,60K","-8,54%"
"11.05.2022","370,00","376,40","383,60","362,20","305,21K","-1,23%"
"06.05.2022","374,60","388,60","388,80","370,00","325,51K","-2,95%"
"05.05.2022","386,00","395,20","396,00","380,00","384,61K","-0,21%"
"04.05.2022","386,80","404,00","417,80","386,00","637,62K","-3,06%"
"29.04.2022","399,00","403,00","416,60","390,20","814,79K","-1,24%"
"28.04.2022","404,00","441,00","457,00","401,00","2,92M","-6,48%"
"27.04.2022","432,00","383,00","432,00","378,20","1,70M","14,23%"
"26.04.2022","378,20","370,00","390,00","358,40","1,10M","2,05%"
"25.04.2022","370,60","410,00","425,00","360,20","847,15K","-11,08%"
"22.04.2022","416,80","426,00","441,00","411,20","378,60K","-2,02%"
"21.04.2022","425,40","442,60","444,40","421,60","326,62K","-2,83%"
"20.04.2022","437,80","439,00","459,60","413,00","1,01M","3,74%"
"19.04.2022","422,00","429,80","442,80","400,20","682,82K","-0,94%"
"18.04.2022","426,00","424,40","467,40","423,00","927,60K","0,80%"
"15.04.2022","422,60","425,20","440,20","407,80","477,27K","-1,77%"
"14.04.2022","430,20","468,00","473,60","426,00","563,03K","-7,84%"
"13.04.2022","466,80","466,00","481,80","457,60","395,46K","-0,43%"
"12.04.2022","468,80","489,80","490,80","454,80","530,29K","-3,93%"
"11.04.2022","488,00","520,40","520,40","486,00","530,22K","-1,97%"
"08.04.2022","497,80","507,00","523,00","486,00","858,58K","1,18%"
"07.04.2022","492,00","502,00","524,60","490,00","759,24K","-1,99%"
"06.04.2022","502,00","502,20","550,00","483,00","1,80M","-0,04%"
"05.04.2022","502,20","543,20","543,20","476,80","1,31M","-6,31%"
"04.04.2022","536,00","565,00","565,00","515,00","1,13M","-3,63%"
"01.04.2022","556,20","578,80","578,80","530,00","1,24M","-1,90%"
"31.03.2022","567,00","563,20","596,00","510,60","2,59M","1,36%"
"30.03.2022","559,40","561,00","699,80","530,40","5,86M","9,69%"
"29.03.2022","510,00","299,00","534,40","299,00","3,67M","72,30%"
"25.02.2022","296,00","277,20","366,40","277,20","3,47M","-4,21%"
"24.02.2022","309,00","429,20","429,20","235,00","5,11M","-35,60%"
"22.02.2022","479,80","419,80","485,80","348,20","9,24M","14,24%"
"21.02.2022","420,00","555,00","580,60","399,80","10,78M","-24,89%"
"18.02.2022","559,20","589,00","601,60","549,40","2,20M","-4,90%"
"17.02.2022","588,00","614,40","614,40","580,00","1,61M","-4,33%"
"16.02.2022","614,60","619,40","640,00","596,00","2,15M","-0,45%"
"15.02.2022","617,40","595,00","628,60","594,20","2,08M","3,59%"
"14.02.2022","596,00","580,20","596,00","559,80","2,04M","1,92%"
"11.02.2022","584,80","607,40","612,00","575,00","1,77M","-3,72%"
"10.02.2022","607,40","647,00","656,40","598,40","2,67M","-4,35%"
"09.02.2022","635,00","610,00","639,60","609,00","1,50M","4,13%"
"08.02.2022","609,80","580,00","614,00","578,20","1,42M","4,81%"
"07.02.2022","581,80","583,60","592,80","564,80","1,39M","0,17%"
"04.02.2022","580,80","611,00","623,00","555,00","3,02M","-3,52%"
"03.02.2022","602,00","621,00","624,80","588,80","2,68M","-4,90%"
"02.02.2022","633,00","659,80","685,00","615,60","3,00M","-3,45%"
"01.02.2022","655,60","630,20","666,60","630,20","2,95M","4,06%"
"31.01.2022","630,00","597,20","635,00","597,20","2,90M","5,53%"
"28.01.2022","597,00","594,40","607,80","585,00","2,30M","0,98%"
"27.01.2022","591,20","576,00","609,40","571,00","3,58M","1,41%"
"26.01.2022","583,00","596,00","604,00","567,80","2,97M","-1,88%"
"25.01.2022","594,20","595,00","613,40","562,20","3,14M","-0,34%"
"24.01.2022","596,20","651,00","662,40","556,80","5,36M","-7,68%"
"21.01.2022","645,80","684,00","688,40","640,20","2,46M","-5,45%"
"20.01.2022","683,00","670,40","741,00","670,40","2,82M","1,10%"
"19.01.2022","675,60","664,80","696,80","612,20","4,36M","1,93%"
"18.01.2022","662,80","710,60","718,80","640,00","4,02M","-6,73%"
"17.01.2022","710,60","686,40","722,20","652,00","2,46M","3,53%"
"14.01.2022","686,40","754,60","765,00","660,00","4,36M","-9,04%"
"13.01.2022","754,60","768,40","783,00","739,40","1,51M","-2,05%"
"12.01.2022","770,40","770,00","791,60","763,00","1,68M","-0,05%"
"11.01.2022","770,80","770,00","780,20","756,00","1,34M","0,52%"
"10.01.2022","766,80","796,00","805,00","752,60","1,34M","-3,30%"
"06.01.2022","793,00","811,60","836,20","774,00","2,26M","-2,84%"
"05.01.2022","816,20","874,00","878,80","813,20","1,32M","-6,61%"
"04.01.2022","874,00","888,80","888,80","865,20","580,67K","-1,33%"
"03.01.2022","885,80","873,00","889,80","869,00","467,18K","1,54%"
"30.12.2021","872,40","865,40","874,00","859,40","390,67K","0,81%"
"29.12.2021","865,40","876,00","883,00","860,00","674,71K","-1,28%"
"28.12.2021","876,60","885,00","894,20","870,00","1,01M","-0,93%"
"27.12.2021","884,80","878,00","899,00","877,00","1,14M","0,89%"
"24.12.2021","877,00","878,40","884,20","850,00","1,70M","-0,36%"
"23.12.2021","880,20","912,20","918,00","872,60","1,59M","-3,51%"
"22.12.2021","912,20","924,60","929,60","895,00","917,66K","-1,34%"
"21.12.2021","924,60","915,00","948,00","915,00","766,55K","1,38%"
"20.12.2021","912,00","957,20","957,80","891,00","1,13M","-5,20%"
"17.12.2021","962,00","983,00","1.002,20","940,00","1,11M","-2,12%"
"16.12.2021","982,80","966,00","1.019,00","951,40","2,45M","2,27%"
"15.12.2021","961,00","900,00","973,80","883,60","2,23M","7,09%"
"14.12.2021","897,40","914,40","950,00","842,80","1,78M","-0,93%"
"13.12.2021","905,80","988,00","993,00","901,00","3,18M","-8,19%"
"10.12.2021","986,60","1.018,40","1.053,80","983,00","1,41M","-2,80%"
"09.12.2021","1.015,00","1.038,40","1.042,80","1.001,20","1,81M","-2,54%"
"08.12.2021","1.041,40","1.121,60","1.129,40","1.016,40","2,38M","-6,26%"
"07.12.2021","1.111,00","1.165,60","1.173,20","1.088,20","2,14M","-4,86%"
"06.12.2021","1.167,80","1.241,20","1.272,00","1.155,00","1,20M","-5,88%"
"03.12.2021","1.240,80","1.347,00","1.347,20","1.212,40","1,83M","-7,97%"
"02.12.2021","1.348,20","1.270,40","1.378,60","1.260,00","1,87M","6,59%"
"01.12.2021","1.264,80","1.252,00","1.300,00","1.252,00","571,04K","1,43%"
"30.11.2021","1.247,00","1.210,00","1.267,40","1.210,00","894,16K","0,18%"
"29.11.2021","1.244,80","1.218,00","1.265,40","1.212,60","661,69K","3,15%"
"26.11.2021","1.206,80","1.268,60","1.268,60","1.203,00","776,12K","-5,65%"
"25.11.2021","1.279,00","1.290,20","1.301,60","1.268,20","326,46K","-0,87%"
"24.11.2021","1.290,20","1.305,00","1.311,80","1.266,80","442,76K","-0,37%"
"23.11.2021","1.295,00","1.280,00","1.296,00","1.256,40","765,61K","1,17%"
"22.11.2021","1.280,00","1.329,20","1.339,20","1.259,20","1,10M","-3,45%"
"19.11.2021","1.325,80","1.390,00","1.395,00","1.320,00","1,02M","-4,27%"
"18.11.2021","1.385,00","1.381,60","1.398,80","1.376,40","280,25K","0,30%"
"17.11.2021","1.380,80","1.389,40","1.400,00","1.380,20","253,36K","-0,62%"
"16.11.2021","1.389,40","1.394,00","1.401,00","1.378,00","319,58K","0,04%"
"15.11.2021","1.388,80","1.403,00","1.414,00","1.384,00","314,19K","-1,01%"
"12.11.2021","1.403,00","1.395,00","1.413,80","1.378,00","581,69K","0,86%"
"11.11.2021","1.391,00","1.389,40","1.397,20","1.371,20","385,69K","0,84%"
"10.11.2021","1.379,40","1.408,80","1.415,60","1.371,60","598,39K","-1,82%"
"09.11.2021","1.405,00","1.428,80","1.435,60","1.400,60","566,01K","-2,01%"
"08.11.2021","1.433,80","1.442,00","1.457,00","1.426,20","345,47K","-0,29%"
"05.11.2021","1.438,00","1.455,60","1.455,60","1.427,00","222,62K","-0,81%"
"03.11.2021","1.449,80","1.443,80","1.457,40","1.437,20","234,93K","0,58%"
"02.11.2021","1.441,40","1.465,60","1.469,00","1.434,00","404,66K","-1,50%"
"01.11.2021","1.463,40","1.473,00","1.473,00","1.439,80","514,05K","0,15%"
"29.10.2021","1.461,20","1.504,20","1.509,00","1.443,60","685,93K","-2,86%"
"28.10.2021","1.504,20","1.539,00","1.545,20","1.484,60","708,98K","-2,34%"
"27.10.2021","1.540,20","1.515,40","1.546,20","1.502,80","382,94K","1,64%"
"26.10.2021","1.515,40","1.559,00","1.559,00","1.509,00","293,06K","-2,04%"
"25.10.2021","1.547,00","1.539,00","1.555,80","1.522,00","390,04K","0,06%"
"22.10.2021","1.546,00","1.600,00","1.603,00","1.538,00","572,32K","-3,14%"
"21.10.2021","1.596,20","1.609,00","1.618,60","1.586,00","368,13K","-1,15%"
"20.10.2021","1.614,80","1.573,20","1.619,40","1.572,00","536,89K","2,61%"
"19.10.2021","1.573,80","1.571,60","1.591,00","1.563,40","489,55K","0,20%"
"18.10.2021","1.570,60","1.498,60","1.571,00","1.491,00","780,98K","5,06%"
"15.10.2021","1.495,00","1.470,00","1.499,60","1.468,20","281,75K","1,51%"
"14.10.2021","1.472,80","1.475,00","1.486,80","1.470,00","252,34K","-0,03%"
"13.10.2021","1.473,20","1.457,00","1.478,40","1.452,60","215,83K","0,35%"
"12.10.2021","1.468,00","1.456,60","1.489,20","1.447,20","440,59K","0,78%"
"11.10.2021","1.456,60","1.468,60","1.470,20","1.438,00","308,94K","-0,57%"
"08.10.2021","1.465,00","1.495,60","1.498,40","1.460,00","268,73K","-2,01%"
"07.10.2021","1.495,00","1.458,20","1.495,00","1.442,80","351,48K","3,23%"
"06.10.2021","1.448,20","1.466,00","1.470,40","1.431,20","332,18K","-1,21%"
"05.10.2021","1.466,00","1.461,80","1.478,40","1.437,60","298,93K","0,29%"
"04.10.2021","1.461,80","1.482,00","1.487,60","1.448,20","269,24K","-1,35%"
"01.10.2021","1.481,80","1.487,40","1.487,60","1.474,00","165,44K","-0,42%"
"30.09.2021","1.488,00","1.503,20","1.506,20","1.481,00","253,37K","-0,61%"
"29.09.2021","1.497,20","1.499,00","1.503,20","1.488,00","133,31K","-0,07%"
"28.09.2021","1.498,20","1.495,00","1.516,20","1.477,80","303,98K","0,75%"
"27.09.2021","1.487,00","1.525,40","1.530,20","1.480,80","389,03K","-2,52%"
"24.09.2021","1.525,40","1.513,00","1.530,00","1.508,00","210,07K","0,69%"
"23.09.2021","1.515,00","1.541,80","1.544,40","1.501,20","356,18K","-1,48%"
"22.09.2021","1.537,80","1.537,00","1.540,20","1.521,40","202,84K","0,18%"
"21.09.2021","1.535,00","1.527,60","1.546,80","1.516,20","251,00K","0,89%"
"20.09.2021","1.521,40","1.570,20","1.576,20","1.515,00","411,41K","-3,12%"
"17.09.2021","1.570,40","1.572,00","1.582,80","1.558,20","340,44K","0,72%"
"16.09.2021","1.559,20","1.561,40","1.572,00","1.540,20","359,52K","0,13%"
"15.09.2021","1.557,20","1.575,00","1.586,00","1.553,40","229,42K","-0,89%"
"14.09.2021","1.571,20","1.590,00","1.594,80","1.564,80","457,85K","-0,96%"
"13.09.2021","1.586,40","1.538,00","1.592,40","1.530,20","613,54K","3,63%"
"10.09.2021","1.530,80","1.520,80","1.534,80","1.515,40","199,10K","1,06%"
"09.09.2021","1.514,80","1.525,80","1.530,20","1.512,20","202,75K","-0,98%"
"08.09.2021","1.529,80","1.544,60","1.544,60","1.522,60","230,20K","-0,40%"
"07.09.2021","1.536,00","1.543,60","1.547,60","1.512,00","296,88K","-0,34%"
"06.09.2021","1.541,20","1.541,00","1.561,00","1.531,20","302,49K","0,01%"
"03.09.2021","1.541,00","1.542,20","1.544,00","1.506,00","274,81K","0,38%"
"02.09.2021","1.535,20","1.509,20","1.545,20","1.505,60","452,28K","1,07%"
"01.09.2021","1.519,00","1.486,60","1.521,20","1.469,00","602,75K","2,33%"
"31.08.2021","1.484,40","1.437,00","1.486,80","1.437,00","698,44K","3,37%"
"30.08.2021","1.436,00","1.430,40","1.443,80","1.425,20","192,61K","0,41%"
"27.08.2021","1.430,20","1.432,20","1.436,00","1.420,00","219,03K","-0,14%"
"26.08.2021","1.432,20","1.436,00","1.442,60","1.421,00","208,30K","-0,26%"
"25.08.2021","1.436,00","1.437,00","1.449,40","1.426,40","369,52K","-0,03%"
"24.08.2021","1.436,40","1.431,00","1.438,80","1.419,00","288,12K","0,72%"
"23.08.2021","1.426,20","1.443,00","1.456,40","1.413,80","436,94K","-1,07%"
"20.08.2021","1.441,60","1.485,80","1.485,80","1.438,60","466,94K","-2,77%"
"19.08.2021","1.482,60","1.482,00","1.487,60","1.466,00","337,89K","0,04%"
"18.08.2021","1.482,00","1.492,80","1.496,20","1.480,00","181,37K","-0,46%"
"17.08.2021","1.488,80","1.485,00","1.500,00","1.478,00","264,19K","-0,35%"
"16.08.2021","1.494,00","1.515,00","1.515,00","1.486,00","301,70K","-1,31%"
"13.08.2021","1.513,80","1.536,60","1.539,00","1.508,20","217,28K","-1,48%"
"12.08.2021","1.536,60","1.549,60","1.553,80","1.525,80","204,47K","-0,41%"
"11.08.2021","1.543,00","1.518,60","1.549,00","1.513,40","354,24K","1,85%"
"10.08.2021","1.515,00","1.510,00","1.519,20","1.502,00","253,10K","0,62%"
"09.08.2021","1.505,60","1.505,00","1.521,60","1.495,40","183,90K","-0,03%"
"06.08.2021","1.506,00","1.509,40","1.526,00","1.495,60","267,16K","-0,07%"
"05.08.2021","1.507,00","1.495,00","1.508,00","1.480,40","239,72K","1,29%"
"04.08.2021","1.487,80","1.481,40","1.491,80","1.478,40","205,92K","0,43%"
"03.08.2021","1.481,40","1.506,40","1.508,80","1.470,00","513,67K","-1,66%"
"02.08.2021","1.506,40","1.515,00","1.520,60","1.500,40","250,53K","-0,55%"
"30.07.2021","1.514,80","1.517,60","1.523,20","1.500,60","430,83K","-0,37%"
"29.07.2021","1.520,40","1.555,00","1.558,40","1.515,40","509,20K","-1,82%"
"28.07.2021","1.548,60","1.519,20","1.554,60","1.519,20","192,03K","2,06%"
"27.07.2021","1.517,40","1.544,00","1.544,00","1.508,80","233,69K","-1,72%"
"26.07.2021","1.544,00","1.532,20","1.547,20","1.523,00","141,15K","0,32%"
"23.07.2021","1.539,00","1.549,80","1.560,00","1.525,00","148,78K","-0,65%"
"22.07.2021","1.549,00","1.553,00","1.557,80","1.533,40","172,32K","0,52%"
"21.07.2021","1.541,00","1.540,20","1.564,20","1.525,80","175,23K","0,46%"
"20.07.2021","1.534,00","1.534,80","1.543,00","1.516,40","205,69K","0,35%"
"19.07.2021","1.528,60","1.561,00","1.567,40","1.513,40","451,24K","-2,06%"
"16.07.2021","1.560,80","1.595,00","1.604,00","1.557,60","277,43K","-1,54%"
"15.07.2021","1.585,20","1.605,40","1.618,80","1.578,00","437,49K","-1,36%"
"14.07.2021","1.607,00","1.648,60","1.648,60","1.606,00","291,34K","-2,16%"
"13.07.2021","1.642,40","1.617,00","1.650,00","1.612,20","216,65K","1,41%"
"12.07.2021","1.619,60","1.616,00","1.620,60","1.599,40","181,73K","0,22%"
"09.07.2021","1.616,00","1.626,20","1.641,00","1.605,00","233,58K","-0,85%"
"08.07.2021","1.629,80","1.648,00","1.650,40","1.623,60","300,14K","-1,16%"
"07.07.2021","1.649,00","1.650,40","1.669,20","1.646,80","260,16K","0,00%"
"06.07.2021","1.649,00","1.660,00","1.665,20","1.643,40","350,73K","-0,54%"
"05.07.2021","1.658,00","1.661,20","1.668,80","1.637,20","193,56K","-0,19%"
"02.07.2021","1.661,20","1.670,00","1.679,00","1.650,00","199,76K","-0,49%"
"01.07.2021","1.669,40","1.658,80","1.677,60","1.643,40","361,16K","0,83%"
"30.06.2021","1.655,60","1.609,80","1.664,00","1.605,40","398,09K","2,07%"
"29.06.2021","1.622,00","1.630,00","1.645,00","1.591,40","428,74K","-0,32%"
"28.06.2021","1.627,20","1.612,20","1.630,00","1.602,00","309,86K","1,02%"
"25.06.2021","1.610,80","1.594,00","1.620,00","1.588,80","242,21K","1,31%"
"24.06.2021","1.590,00","1.600,00","1.604,40","1.581,40","244,40K","-0,76%"
"23.06.2021","1.602,20","1.602,40","1.609,00","1.581,80","349,13K","0,07%"
"22.06.2021","1.601,00","1.621,20","1.621,20","1.592,00","389,99K","-0,81%"
"21.06.2021","1.614,00","1.630,80","1.643,20","1.608,20","274,24K","-0,63%"
"18.06.2021","1.624,20","1.638,00","1.646,80","1.611,80","373,97K","-0,44%"
"17.06.2021","1.631,40","1.603,00","1.642,80","1.587,80","401,46K","1,92%"
"16.06.2021","1.600,60","1.616,00","1.624,40","1.597,00","580,89K","-1,08%"
"15.06.2021","1.618,00","1.638,00","1.638,00","1.616,60","246,61K","-1,14%"
"14.06.2021","1.636,60","1.640,80","1.644,60","1.625,40","142,90K","-0,07%"
"11.06.2021","1.637,80","1.667,00","1.668,20","1.628,00","320,82K","-1,57%"
"10.06.2021","1.664,00","1.675,00","1.675,00","1.654,00","327,18K","-0,36%"
"09.06.2021","1.670,00","1.670,00","1.680,00","1.658,00","270,75K","0,45%"
"08.06.2021","1.662,60","1.663,00","1.683,60","1.660,00","293,97K","-0,02%"
"07.06.2021","1.663,00","1.670,00","1.674,60","1.652,20","214,64K","-0,41%"
"04.06.2021","1.669,80","1.673,80","1.681,40","1.639,20","290,32K","-0,23%"
"03.06.2021","1.673,60","1.685,40","1.689,00","1.660,00","309,25K","-0,30%"
"02.06.2021","1.678,60","1.694,00","1.705,80","1.672,20","329,60K","-0,87%"
"01.06.2021","1.693,40","1.680,40","1.717,00","1.676,00","515,33K","1,18%"
"31.05.2021","1.673,60","1.680,00","1.701,40","1.665,60","369,00K","0,24%"
"28.05.2021","1.669,60","1.670,00","1.697,80","1.642,00","709,78K","-0,62%"
"27.05.2021","1.680,00","1.630,40","1.709,00","1.615,20","1,79M","3,05%"
"26.05.2021","1.630,20","1.575,00","1.632,60","1.572,20","954,61K","3,83%"
"25.05.2021","1.570,00","1.565,00","1.573,80","1.552,00","331,46K","0,50%"
"24.05.2021","1.562,20","1.528,00","1.563,80","1.528,00","321,46K","2,06%"
"21.05.2021","1.530,60","1.512,60","1.546,00","1.500,60","422,08K","1,38%"
"20.05.2021","1.509,80","1.517,00","1.520,20","1.500,20","340,98K","-0,47%"
"19.05.2021","1.517,00","1.550,00","1.554,20","1.501,00","526,56K","-2,08%"
"18.05.2021","1.549,20","1.520,20","1.552,00","1.509,00","812,99K","2,14%"
"17.05.2021","1.516,80","1.532,80","1.532,80","1.491,00","715,93K","0,03%"
"14.05.2021","1.516,40","1.510,60","1.516,60","1.465,80","942,25K","0,76%"
"13.05.2021","1.505,00","1.553,00","1.554,60","1.502,80","1,04M","-3,09%"
"12.05.2021","1.553,00","1.588,00","1.594,80","1.551,00","645,54K","-2,24%"
"11.05.2021","1.588,60","1.615,00","1.617,40","1.567,60","848,64K","-1,51%"
"10.05.2021","1.613,00","1.640,00","1.641,20","1.610,60","308,54K","-1,45%"
"07.05.2021","1.636,80","1.645,00","1.649,00","1.621,80","421,73K","-0,35%"
"06.05.2021","1.642,60","1.665,00","1.666,80","1.630,00","620,01K","-1,23%"
"05.05.2021","1.663,00","1.669,00","1.674,80","1.656,00","347,19K","0,01%"
"04.05.2021","1.662,80","1.690,20","1.695,00","1.652,20","529,64K","-1,09%"
"30.04.2021","1.681,20","1.710,00","1.714,00","1.674,40","646,04K","-1,51%"
"29.04.2021","1.707,00","1.725,00","1.738,80","1.694,20","493,53K","-0,73%"
"28.04.2021","1.719,60","1.729,00","1.735,40","1.703,00","303,98K","-0,15%"
"27.04.2021","1.722,20","1.732,00","1.748,00","1.721,00","259,87K","-0,52%"
"26.04.2021","1.731,20","1.739,60","1.742,40","1.721,40","192,55K","-0,23%"
"23.04.2021","1.735,20","1.730,20","1.746,00","1.710,00","347,80K","0,39%"
"22.04.2021","1.728,40","1.698,00","1.743,20","1.692,60","796,55K","1,97%"
"21.04.2021","1.695,00","1.714,20","1.721,60","1.685,00","803,24K","-1,45%"
"20.04.2021","1.720,00","1.743,20","1.751,80","1.701,40","744,23K","-1,09%"
"19.04.2021","1.739,00","1.745,20","1.755,20","1.725,00","329,45K","-0,66%"
"16.04.2021","1.750,60","1.769,00","1.776,60","1.740,20","409,30K","-0,82%"
"15.04.2021","1.765,00","1.804,80","1.805,00","1.750,40","644,43K","-2,12%"
"14.04.2021","1.803,20","1.787,20","1.825,60","1.757,60","762,12K","0,90%"
"13.04.2021","1.787,20","1.750,40","1.799,00","1.749,20","511,46K","2,11%"
"12.04.2021","1.750,20","1.717,00","1.756,40","1.714,60","470,37K","1,92%"
"09.04.2021","1.717,20","1.759,80","1.759,80","1.704,20","473,42K","-1,51%"
"08.04.2021","1.743,60","1.749,80","1.759,00","1.731,40","246,63K","-0,25%"
"07.04.2021","1.748,00","1.772,00","1.772,00","1.736,20","344,11K","-0,65%"
"06.04.2021","1.759,40","1.788,00","1.796,80","1.745,60","392,48K","-1,72%"
"05.04.2021","1.790,20","1.770,00","1.800,00","1.752,00","255,00K","1,13%"
"02.04.2021","1.770,20","1.760,00","1.773,00","1.750,20","159,03K","1,05%"
"01.04.2021","1.751,80","1.740,60","1.759,60","1.724,80","402,72K","0,79%"
"31.03.2021","1.738,00","1.750,80","1.754,00","1.714,40","582,67K","-0,69%"
"30.03.2021","1.750,00","1.761,60","1.789,80","1.738,80","511,29K","-0,33%"
"29.03.2021","1.755,80","1.739,80","1.771,00","1.731,20","407,02K","1,37%"
"26.03.2021","1.732,00","1.713,00","1.741,40","1.711,00","431,52K","0,93%"
"25.03.2021","1.716,00","1.745,00","1.745,20","1.700,20","512,61K","-1,45%"
"24.03.2021","1.741,20","1.750,40","1.763,80","1.728,60","399,65K","-0,45%"
"23.03.2021","1.749,00","1.790,60","1.790,60","1.742,40","707,22K","-2,52%"
"22.03.2021","1.794,20","1.793,60","1.799,20","1.782,20","380,17K","0,12%"
"19.03.2021","1.792,00","1.809,40","1.813,00","1.780,40","603,26K","-0,67%"
"18.03.2021","1.804,00","1.819,60","1.824,00","1.795,00","646,80K","-0,81%"
"17.03.2021","1.818,80","1.812,00","1.829,00","1.800,00","730,01K","0,48%"
"16.03.2021","1.810,20","1.839,00","1.840,80","1.805,20","675,86K","-1,30%"
"15.03.2021","1.834,00","1.825,00","1.845,00","1.808,20","672,01K","0,38%"
"12.03.2021","1.827,00","1.862,00","1.867,00","1.805,20","997,10K","-1,87%"
"11.03.2021","1.861,80","1.856,00","1.871,20","1.841,20","445,15K","0,54%"
"10.03.2021","1.851,80","1.884,00","1.914,60","1.836,20","797,72K","-1,71%"
"09.03.2021","1.884,00","1.902,00","1.904,80","1.860,20","745,90K","-1,27%"
"05.03.2021","1.908,20","1.954,80","1.955,00","1.860,00","757,76K","-1,58%"
"04.03.2021","1.938,80","2.018,00","2.026,60","1.936,60","663,45K","-3,54%"
"03.03.2021","2.010,00","2.011,00","2.024,00","2.001,00","221,05K","0,15%"
"02.03.2021","2.007,00","2.007,20","2.031,80","1.998,00","358,31K","-0,30%"
"01.03.2021","2.013,00","2.017,00","2.022,20","2.005,00","207,38K","0,08%"
"26.02.2021","2.011,40","2.008,00","2.039,20","1.987,60","901,02K","0,19%"
"25.02.2021","2.007,60","2.043,80","2.047,20","2.005,00","280,85K","-1,67%"
"24.02.2021","2.041,80","2.003,00","2.050,00","1.995,20","602,45K","1,97%"
"22.02.2021","2.002,40","2.020,00","2.023,80","1.996,00","321,02K","-0,83%"
"20.02.2021","2.019,20","2.021,80","2.025,00","2.010,00","38,74K","0,02%"
"19.02.2021","2.018,80","1.997,40","2.032,80","1.985,00","286,07K","1,07%"
"18.02.2021","1.997,40","2.015,00","2.022,60","1.993,20","413,70K","-1,32%"
"17.02.2021","2.024,20","2.040,00","2.053,00","2.001,00","465,35K","-0,76%"
"16.02.2021","2.039,80","2.027,00","2.048,00","2.006,40","442,23K","0,92%"
"15.02.2021","2.021,20","2.004,80","2.027,60","2.004,00","229,39K","0,82%"
"12.02.2021","2.004,80","2.025,00","2.032,80","1.977,00","569,64K","-0,76%"
"11.02.2021","2.020,20","2.020,00","2.029,80","2.013,20","233,97K","0,33%"
"10.02.2021","2.013,60","2.026,00","2.035,00","2.010,20","386,45K","0,00%"
"09.02.2021","2.013,60","2.030,00","2.035,00","2.001,00","315,96K","-0,46%"
"08.02.2021","2.023,00","2.042,00","2.053,20","2.019,00","370,84K","-0,93%"
"05.02.2021","2.042,00","2.035,00","2.052,00","2.023,00","389,68K","0,22%"
"04.02.2021","2.037,60","2.017,00","2.041,80","2.012,20","384,72K","1,13%"
"03.02.2021","2.014,80","2.000,00","2.025,00","1.978,40","448,12K","1,23%"
"02.02.2021","1.990,40","1.976,00","2.017,00","1.971,40","518,32K","0,68%"
"01.02.2021","1.977,00","1.961,60","1.987,00","1.936,00","544,61K","0,76%"
"29.01.2021","1.962,00","1.975,00","1.992,80","1.920,20","587,47K","-0,87%"
"28.01.2021","1.979,20","1.988,00","2.003,80","1.965,60","561,04K","-0,54%"
"27.01.2021","1.990,00","1.986,00","2.010,40","1.961,20","737,27K","0,54%"
"26.01.2021","1.979,40","1.959,20","1.984,00","1.950,00","492,04K","1,00%"
"25.01.2021","1.959,80","1.952,00","1.967,00","1.943,20","414,49K","0,45%"
"22.01.2021","1.951,00","1.950,00","1.963,00","1.939,00","381,05K","0,01%"
"21.01.2021","1.950,80","1.961,60","1.988,00","1.934,20","888,50K","-0,78%"
"20.01.2021","1.966,20","1.935,40","1.968,20","1.925,40","400,13K","1,59%"
"19.01.2021","1.935,40","1.965,00","1.969,80","1.924,00","913,92K","-1,18%"
"18.01.2021","1.958,60","1.965,00","1.988,00","1.945,40","485,36K","-0,43%"
"15.01.2021","1.967,00","1.979,80","1.996,60","1.950,20","499,16K","-1,05%"
"14.01.2021","1.987,80","2.012,00","2.029,00","1.940,40","1,14M","-1,47%"
"13.01.2021","2.017,40","2.033,00","2.049,00","2.000,20","448,70K","-1,34%"
"12.01.2021","2.044,80","2.064,80","2.086,60","2.015,80","554,62K","-0,69%"
"11.01.2021","2.059,00","2.016,00","2.073,00","2.006,20","775,97K","2,13%"
"08.01.2021","2.016,00","2.013,00","2.037,20","2.005,00","600,32K","0,52%"
"06.01.2021","2.005,60","2.040,00","2.077,00","1.998,20","826,25K","-1,77%"
"05.01.2021","2.041,80","1.989,00","2.057,60","1.979,00","745,10K","2,87%"
"04.01.2021","1.984,80","1.990,00","1.999,00","1.980,00","394,06K","0,20%"
"30.12.2020","1.980,80","1.976,20","1.993,80","1.970,00","477,05K","0,25%"
"29.12.2020","1.975,80","2.008,00","2.010,00","1.966,00","652,83K","-1,16%"
"28.12.2020","1.999,00","2.035,00","2.049,60","1.990,20","618,23K","-1,28%"
"25.12.2020","2.025,00","1.985,20","2.047,60","1.974,20","624,11K","2,14%"
"24.12.2020","1.982,60","1.975,00","1.994,80","1.960,00","474,83K","0,48%"
"23.12.2020","1.973,20","1.980,00","1.995,00","1.959,20","451,42K","-0,29%"
"22.12.2020","1.979,00","2.020,00","2.020,00","1.965,80","542,06K","-1,09%"
"21.12.2020","2.000,80","2.012,00","2.029,80","1.952,20","928,49K","-0,33%"
"18.12.2020","2.007,40","2.049,60","2.049,80","1.980,00","875,07K","-2,06%"
"17.12.2020","2.049,60","2.074,00","2.077,80","2.021,00","731,57K","-0,69%"
"16.12.2020","2.063,80","2.082,00","2.093,00","1.978,40","550,88K","-1,06%"
"15.12.2020","2.086,00","2.094,80","2.095,00","2.073,20","467,41K","0,04%"
"14.12.2020","2.085,20","2.114,40","2.121,80","2.080,00","535,30K","-1,22%"
"11.12.2020","2.111,00","2.113,80","2.133,20","2.090,40","682,54K","0,76%"
"10.12.2020","2.095,00","2.114,20","2.122,00","2.085,40","666,11K","-0,73%"
"09.12.2020","2.110,40","2.122,00","2.137,00","2.105,00","674,24K","-0,76%"
"08.12.2020","2.126,60","2.111,40","2.147,00","2.095,60","953,40K","0,56%"
"07.12.2020","2.114,80","2.149,80","2.150,00","2.105,00","711,73K","-1,26%"
"04.12.2020","2.141,80","2.172,00","2.172,00","2.130,00","691,32K","-0,84%"
"03.12.2020","2.160,00","2.161,00","2.174,00","2.142,20","669,32K","-0,14%"
"02.12.2020","2.163,00","2.171,00","2.185,00","2.152,40","588,44K","-0,51%"
"01.12.2020","2.174,00","2.206,20","2.207,00","2.157,80","1,23M","-0,87%"
"30.11.2020","2.193,00","2.290,80","2.295,00","2.169,80","8,52M","-3,85%"
"27.11.2020","2.280,80","2.260,00","2.290,60","2.248,20","1,33M","1,06%"
"26.11.2020","2.256,80","2.203,60","2.259,80","2.191,00","1,39M","2,72%"
"25.11.2020","2.197,00","2.179,40","2.208,60","2.170,00","1,46M","0,98%"
"24.11.2020","2.175,60","2.190,00","2.206,00","2.152,00","1,15M","-0,20%"
"23.11.2020","2.180,00","2.167,00","2.209,20","2.160,00","1,12M","1,16%"
"20.11.2020","2.155,00","2.147,20","2.164,40","2.130,20","692,64K","0,66%"
"19.11.2020","2.140,80","2.174,60","2.197,00","2.132,60","848,23K","-1,16%"
"18.11.2020","2.166,00","2.179,00","2.193,00","2.151,20","745,32K","-0,52%"
"17.11.2020","2.177,40","2.185,00","2.216,00","2.161,00","736,01K","-1,33%"
"16.11.2020","2.206,80","2.229,80","2.250,00","2.178,60","1,08M","-0,91%"
"13.11.2020","2.227,00","2.225,20","2.244,40","2.210,00","569,74K","0,47%"
"12.11.2020","2.216,60","2.240,00","2.269,00","2.205,80","866,78K","-0,78%"
"11.11.2020","2.234,00","2.310,00","2.333,80","2.210,40","1,91M","-0,71%"
"10.11.2020","2.250,00","2.268,00","2.297,40","2.202,00","921,55K","-0,62%"
"09.11.2020","2.264,00","2.265,80","2.291,00","2.236,00","868,02K","0,98%"
"06.11.2020","2.242,00","2.190,00","2.253,60","2.159,00","589,74K","2,09%"
"05.11.2020","2.196,20","2.125,00","2.200,00","2.125,00","906,60K","3,60%"
"03.11.2020","2.119,80","2.135,00","2.148,80","2.100,00","478,88K","0,00%"
"02.11.2020","2.119,80","2.100,00","2.137,40","2.071,00","432,00K","1,43%"
"30.10.2020","2.090,00","2.110,00","2.117,80","2.080,00","322,55K","-1,77%"
"29.10.2020","2.127,60","2.110,20","2.248,20","2.099,80","370,11K","0,88%"
"28.10.2020","2.109,00","2.141,00","2.159,00","2.071,20","745,81K","-1,95%"
"27.10.2020","2.151,00","2.175,00","2.180,00","2.102,00","1,30M","-0,55%"
"26.10.2020","2.163,00","2.227,60","2.320,00","2.150,00","867,97K","-3,52%"
"23.10.2020","2.242,00","2.230,40","2.250,60","2.224,40","376,65K","-0,35%"
"22.10.2020","2.249,80","2.255,00","2.274,20","2.228,40","348,95K","-0,34%"
"21.10.2020","2.257,40","2.270,00","2.273,60","2.241,80","274,63K","-0,51%"
"20.10.2020","2.269,00","2.298,00","2.305,00","2.261,00","282,25K","-1,16%"
"19.10.2020","2.295,60","2.299,00","2.324,80","2.275,40","386,29K","0,29%"
"16.10.2020","2.289,00","2.260,40","2.318,40","2.250,00","523,52K","1,43%"
"15.10.2020","2.256,80","2.269,00","2.270,00","2.242,60","300,03K","-0,44%"
"14.10.2020","2.266,80","2.270,00","2.292,00","2.241,60","364,87K","-0,05%"
"13.10.2020","2.268,00","2.244,40","2.283,40","2.235,20","757,41K","1,30%"
"12.10.2020","2.239,00","2.175,00","2.250,00","2.170,00","777,30K","3,28%"
"09.10.2020","2.167,80","2.185,40","2.185,40","2.150,40","276,29K","-0,14%"
"08.10.2020","2.170,80","2.168,20","2.196,40","2.157,00","423,65K","0,85%"
"07.10.2020","2.152,60","2.170,00","2.175,00","2.132,40","250,07K","-0,18%"
"06.10.2020","2.156,40","2.198,00","2.202,00","2.152,00","370,07K","-1,90%"
"05.10.2020","2.198,20","2.220,00","2.224,80","2.178,60","404,60K","-0,15%"
"02.10.2020","2.201,40","2.148,00","2.219,00","2.117,20","603,03K","2,09%"
"01.10.2020","2.156,40","2.148,80","2.174,80","2.127,00","409,92K","1,00%"
"30.09.2020","2.135,00","2.143,00","2.147,40","2.115,00","833,95K","-0,98%"
"29.09.2020","2.156,20","2.218,00","2.219,40","2.135,00","1,01M","-2,43%"
"28.09.2020","2.210,00","2.181,20","2.240,00","2.170,00","797,59K","0,45%"
"25.09.2020","2.200,00","2.227,80","2.229,40","2.163,00","692,74K","-0,75%"
"24.09.2020","2.216,60","2.299,00","2.299,00","2.179,00","2,22M","-4,67%"
"23.09.2020","2.325,20","2.350,00","2.439,80","2.206,20","1,85M","0,78%"
"22.09.2020","2.307,20","2.202,20","2.357,60","2.188,00","875,67K","4,76%"
"21.09.2020","2.202,40","2.222,00","2.238,00","2.170,20","413,40K","-0,79%"
"18.09.2020","2.220,00","2.192,00","2.224,00","2.172,40","348,12K","-0,09%"
"17.09.2020","2.222,00","2.160,00","2.222,00","2.134,00","657,97K","2,07%"
"16.09.2020","2.177,00","2.237,00","2.259,80","2.166,00","490,17K","-2,32%"
"15.09.2020","2.228,80","2.230,60","2.288,00","2.211,60","414,98K","0,85%"
"14.09.2020","2.210,00","2.142,00","2.247,00","2.136,20","460,99K","3,80%"
"11.09.2020","2.129,00","2.145,00","2.155,60","2.120,00","252,72K","-0,43%"
"10.09.2020","2.138,20","2.169,00","2.181,20","2.117,00","281,38K","-0,22%"
"09.09.2020","2.143,00","2.101,00","2.170,00","2.072,40","371,54K","1,55%"
"08.09.2020","2.110,20","2.199,80","2.205,00","2.069,20","574,65K","-3,30%"
"07.09.2020","2.182,20","2.220,00","2.223,60","2.169,80","287,88K","-0,81%"
"04.09.2020","2.200,00","2.248,00","2.310,00","2.160,00","686,43K","-3,00%"
"03.09.2020","2.268,00","2.329,00","2.375,00","2.230,00","524,60K","-2,11%"
"02.09.2020","2.316,80","2.400,00","2.418,00","2.310,80","447,96K","-3,06%"
"01.09.2020","2.390,00","2.365,00","2.415,80","2.341,00","527,50K","1,70%"
"31.08.2020","2.350,00","2.320,00","2.364,80","2.304,80","365,92K","2,22%"
"28.08.2020","2.299,00","2.324,40","2.359,00","2.262,80","601,83K","-1,55%"
"27.08.2020","2.335,20","2.348,00","2.448,00","2.304,00","1,02M","-0,10%"
"26.08.2020","2.337,60","2.350,00","2.360,00","2.282,20","1,12M","1,02%"
"25.08.2020","2.314,00","2.192,00","2.344,80","2.190,00","752,68K","6,02%"
"24.08.2020","2.182,60","2.172,00","2.214,80","2.172,00","416,28K","1,52%"
"21.08.2020","2.150,00","2.149,00","2.224,00","2.120,20","538,46K","1,00%"
"20.08.2020","2.128,80","2.160,00","2.189,20","2.110,00","455,80K","-1,58%"
"19.08.2020","2.163,00","2.086,80","2.195,00","2.083,00","584,46K","3,99%"
"18.08.2020","2.080,00","2.090,40","2.138,40","2.060,20","306,19K","-1,23%"
"17.08.2020","2.106,00","2.087,00","2.145,80","2.080,00","553,64K","1,26%"
"14.08.2020","2.079,80","2.015,00","2.085,00","2.015,00","344,85K","1,75%"
"13.08.2020","2.044,00","1.990,00","2.055,00","1.975,00","396,19K","2,89%"
"12.08.2020","1.986,60","1.983,00","1.989,40","1.957,00","133,01K","0,69%"
"11.08.2020","1.973,00","2.006,00","2.008,00","1.970,00","286,14K","-1,32%"
"10.08.2020","1.999,40","2.000,00","2.009,00","1.970,00","117,03K","0,67%"
"07.08.2020","1.986,00","2.008,40","2.010,00","1.972,00","164,41K","0,05%"
"06.08.2020","1.985,00","2.035,00","2.040,00","1.980,00","265,89K","-2,28%"
"05.08.2020","2.031,40","2.049,80","2.054,80","2.025,00","175,83K","-0,57%"
"04.08.2020","2.043,00","2.049,80","2.062,00","2.016,00","227,25K","0,74%"
"03.08.2020","2.028,00","2.000,00","2.051,20","1.994,20","271,65K","2,68%"
"31.07.2020","1.975,00","2.000,20","2.022,00","1.960,00","118,05K","-0,75%"
"30.07.2020","1.990,00","2.008,80","2.026,00","1.970,20","119,26K","-0,79%"
"29.07.2020","2.005,80","2.020,60","2.021,60","1.985,00","259,65K","1,05%"
"28.07.2020","1.985,00","1.915,20","1.990,60","1.915,00","168,36K","3,66%"
"27.07.2020","1.915,00","1.915,80","1.935,00","1.905,20","183,18K","0,46%"
"24.07.2020","1.906,20","1.912,00","1.915,80","1.882,80","205,52K","-0,25%"
"23.07.2020","1.911,00","1.886,00","1.915,60","1.876,60","330,72K","2,58%"
"22.07.2020","1.863,00","1.869,00","1.874,20","1.835,60","181,23K","0,64%"
"21.07.2020","1.851,20","1.830,00","1.878,60","1.830,00","168,98K","1,60%"
"20.07.2020","1.822,00","1.839,00","1.841,60","1.810,20","103,40K","-0,27%"
"17.07.2020","1.827,00","1.825,00","1.840,00","1.808,00","101,13K","0,33%"
"16.07.2020","1.821,00","1.801,20","1.822,00","1.801,20","43,35K","0,51%"
"15.07.2020","1.811,80","1.808,80","1.845,00","1.790,00","117,70K","1,41%"
"14.07.2020","1.786,60","1.825,00","1.825,00","1.781,40","95,07K","-1,94%"
"13.07.2020","1.822,00","1.822,40","1.838,00","1.818,00","90,66K","0,56%"
"10.07.2020","1.811,80","1.800,80","1.838,00","1.800,80","88,85K","0,21%"
"09.07.2020","1.808,00","1.840,20","1.855,00","1.782,60","165,08K","-1,66%"
"08.07.2020","1.838,60","1.878,00","1.889,80","1.835,00","136,96K","-1,84%"
"07.07.2020","1.873,00","1.899,00","1.927,40","1.852,00","643,21K","1,13%"
"06.07.2020","1.852,00","1.803,20","1.918,00","1.763,80","915,83K","5,54%"
"03.07.2020","1.754,80","1.689,60","1.776,60","1.665,00","372,16K","5,33%"